Equipo,Link_Lista_Partidos,Link_Partido_X
Lyon,https://www.google.com/search?cs=1&rlz=1C1ALOY_esCO1035CO1035&sca_esv=4ad496d1768baf99&sxsrf=AHTn8zra-g3LAPaLyjO_WqFLexIz1V5fSQ:1742790158233&q=Olympique+de+Lyon&stick=H4sIAAAAAAAAAONgVuLUz9U3MC43z654xGjCLfDyxz1hKe1Ja05eY1Tl4grOyC93zSvJLKkUEudig7J4pbi5ELp4FrEK-udU5hZkFpamKqSkKvhU5ucBAPQWM0lYAAAA&ved=2ahUKEwiV85-i76GMAxUMfDABHbmDLSkQukt6BAgCEBY#sie=t;/m/03w7kx;2;/m/044hxl;bbbs;hd;;;;2025-05-18T12:00:00Z&wptab=si:APYL9bsdvePlUvFpoma5fMvhOQ6bvXM76DvGLQOhfQo6Zp3kxNoH6BKiFU3NUK-DDCMYUl50O50je6Y_pgRm3IpRsSlYbsKls-YEcu9yYUL2YnmVQ4YudYQ4Y_xxEGvPHR77C-QcPNH5WvlitVIR5ZYdbAZVJmiZsK1To13Q_0mdZYXGr5SfsDO1NtOp88kgYf6twcoGZ2cUUrjh3b8oWBpjVa5abS0BbJyBwZ0KXSvtfjiijwZGLSY%3D,https://www.google.com/search?cs=1&rlz=1C1ALOY_esCO1035CO1035&sca_esv=4ad496d1768baf99&sxsrf=AHTn8zra-g3LAPaLyjO_WqFLexIz1V5fSQ:1742790158233&q=Olympique+de+Lyon&stick=H4sIAAAAAAAAAONgVuLUz9U3MC43z654xGjCLfDyxz1hKe1Ja05eY1Tl4grOyC93zSvJLKkUEudig7J4pbi5ELp4FrEK-udU5hZkFpamKqSkKvhU5ucBAPQWM0lYAAAA&ved=2ahUKEwiV85-i76GMAxUMfDABHbmDLSkQukt6BAgCEBY#sie=m;/g/11w3vp_4dh;2;/m/044hxl;dt;fp;1;;;&wptab=si:APYL9bsdvePlUvFpoma5fMvhOQ6bvXM76DvGLQOhfQo6Zp3kxNoH6BKiFU3NUK-DDCMYUl50O50je6Y_pgRm3IpRsSlYbsKls-YEcu9yYUL2YnmVQ4YudYQ4Y_xxEGvPHR77C-QcPNH5WvlitVIR5ZYdbAZVJmiZsK1To13Q_0mdZYXGr5SfsDO1NtOp88kgYf6twcoGZ2cUUrjh3b8oWBpjVa5abS0BbJyBwZ0KXSvtfjiijwZGLSY%3D
Leganés,https://www.google.com/search?sca_esv=8c4aa71f7ca1f7d8&rlz=1C1ALOY_esCO1035CO1035&cs=1&sxsrf=AHTn8zobOWPtGG2TNrFG1saDgJs18xebmQ:1743259317274&q=Club+Deportivo+Legan%C3%A9s&stick=H4sIAAAAAAAAAONgVuLUz9U3MDeqKLd4xGjCLfDyxz1hKe1Ja05eY1Tl4grOyC93zSvJLKkUEudig7J4pbi5ELp4FrGKO-eUJim4pBbkF5VkluUr-KSmJ-YdXlkMADt8TTpeAAAA&ved=2ahUKEwjL_9WCw6-MAxUeAzQIHfohAb4Qukt6BAgCEAo#sie=t;/m/072xw8;2;/m/09gqx;bbbs;hd;;;;2025-05-25T12:00:00Z&wptab=si:APYL9bsdvePlUvFpoma5fMvhOQ6bvXM76DvGLQOhfQo6Zp3kxNoH6BKiFU3NUK-DDCMYUl50O50je6Y_pgRm3IpRsSlYbsKls-YEcu9yYUL2YnmVQ4YudYQ4Y_xxEGvPHR77C-QcPNH5WvlitVIR5ZYdbAZVzWsZeUXmfCsqsIGxEUB_nnO5K1Hzzqdec_1pvtbbZleyCfFS98W46rTuhaVjXzvq7BuwKm5WanKhksWR-QeKCMqurvEUeoA6Vh_HduuaCqi-WZCz,https://www.google.com/search?sca_esv=8c4aa71f7ca1f7d8&rlz=1C1ALOY_esCO1035CO1035&cs=1&sxsrf=AHTn8zobOWPtGG2TNrFG1saDgJs18xebmQ:1743259317274&q=Club+Deportivo+Legan%C3%A9s&stick=H4sIAAAAAAAAAONgVuLUz9U3MDeqKLd4xGjCLfDyxz1hKe1Ja05eY1Tl4grOyC93zSvJLKkUEudig7J4pbi5ELp4FrGKO-eUJim4pBbkF5VkluUr-KSmJ-YdXlkMADt8TTpeAAAA&ved=2ahUKEwjL_9WCw6-MAxUeAzQIHfohAb4Qukt6BAgCEAo#sie=m;/g/11y5mkkbsr;2;/m/09gqx;dt;fp;1;;;&wptab=si:APYL9bsdvePlUvFpoma5fMvhOQ6bvXM76DvGLQOhfQo6Zp3kxNoH6BKiFU3NUK-DDCMYUl50O50je6Y_pgRm3IpRsSlYbsKls-YEcu9yYUL2YnmVQ4YudYQ4Y_xxEGvPHR77C-QcPNH5WvlitVIR5ZYdbAZVzWsZeUXmfCsqsIGxEUB_nnO5K1Hzzqdec_1pvtbbZleyCfFS98W46rTuhaVjXzvq7BuwKm5WanKhksWR-QeKCMqurvEUeoA6Vh_HduuaCqi-WZCz
Juventus,https://www.google.com/search?gs_ssp=eJzj4tDP1TcwMa2oMGD04sgqLUvNKyktBgA8BgZu&q=juventus&rlz=1C1ALOY_esCO1035CO1035&oq=juv&gs_lcrp=EgZjaHJvbWUqDwgBEC4YQxixAxiABBiKBTIGCAAQRRg5Mg8IARAuGEMYsQMYgAQYigUyDAgCECMYJxiABBiKBTIMCAMQABhDGIAEGIoFMgwIBBAAGEMYgAQYigUyDAgFEAAYQxiABBiKBTIMCAYQABhDGIAEGIoFMgwIBxAAGEMYgAQYigUyDAgIEAAYQxiABBiKBTIHCAkQABiPAtIBCDIwMTVqMGo5qAIAsAIA&sourceid=chrome&ie=UTF-8#sie=t;/m/045xx;2;/m/03zv9;bbbs;hd;;;;2025-06-26T19:00:00Z&wptab=si:APYL9btp3RF4rMteeKUUGnuEThopwi3n8zDPOUD_15eeNqymofjNp8Ggx03jTIB85JK2xfZX-PN_WHJ87reP5LTehwdvvpHWqUIShAMRBH0NlhoWnBaeEyQqXqVwveDRKb-hXLnQjhPkLs5mAmJzxKJK7FN7MO6YzbV_RPVYxtP6ph7eUZAU79c9HXzeVPugYpF9vqjJhlME-PG5QI-YZNbbnDPT_rBVCgBKxaAe-rWt1ueIYlckwwI%3D,https://www.google.com/search?gs_ssp=eJzj4tDP1TcwMa2oMGD04sgqLUvNKyktBgA8BgZu&q=juventus&rlz=1C1ALOY_esCO1035CO1035&oq=juv&gs_lcrp=EgZjaHJvbWUqDwgBEC4YQxixAxiABBiKBTIGCAAQRRg5Mg8IARAuGEMYsQMYgAQYigUyDAgCECMYJxiABBiKBTIMCAMQABhDGIAEGIoFMgwIBBAAGEMYgAQYigUyDAgFEAAYQxiABBiKBTIMCAYQABhDGIAEGIoFMgwIBxAAGEMYgAQYigUyDAgIEAAYQxiABBiKBTIHCAkQABiPAtIBCDIwMTVqMGo5qAIAsAIA&sourceid=chrome&ie=UTF-8#sie=m;/g/11y667n3w1;2;/m/03zv9;dt;fp;1;;;&wptab=si:APYL9btp3RF4rMteeKUUGnuEThopwi3n8zDPOUD_15eeNqymofjNp8Ggx03jTIB85JK2xfZX-PN_WHJ87reP5LTehwdvvpHWqUIShAMRBH0NlhoWnBaeEyQqXqVwveDRKb-hXLnQjhPkLs5mAmJzxKJK7FN7MO6YzbV_RPVYxtP6ph7eUZAU79c9HXzeVPugYpF9vqjJhlME-PG5QI-YZNbbnDPT_rBVCgBKxaAe-rWt1ueIYlckwwI%3D
Genoa,https://www.google.com/search?q=Genoa&rlz=1C1ALOY_esCO1035CO1035&oq=Genoa&gs_lcrp=EgZjaHJvbWUyBggAEEUYOTISCAEQABhDGIMBGLEDGIAEGIoFMg8IAhAuGEMYsQMYgAQYigUyDAgDEAAYQxiABBiKBTIMCAQQABhDGIAEGIoFMgoIBRAAGLEDGIAEMgwIBhAAGEMYgAQYigUyDAgHEAAYFBiHAhiABDIMCAgQABhDGIAEGIoFMgcICRAuGIAE0gEJMTA2MTZqMGo5qAIAsAIA&sourceid=chrome&ie=UTF-8#sie=t;/m/08vk_r;2;/m/03zv9;bbbs;hd;;;;2025-05-25T13:00:00Z&wptab=si:APYL9bsdvePlUvFpoma5fMvhOQ6bvXM76DvGLQOhfQo6Zp3kxNoH6BKiFU3NUK-DDCMYUl50O50je6Y_pgRm3IpRsSlYbsKls-YEcu9yYUL2YnmVQ4YudYQ4Y_xxEGvPHR77C-QcPNH5WvlitVIR5ZYdbAZVvUWKvV8nlZ8K634bGhTwLe0tvV-oyLHUqzo0Vy4ZKf9kLxRjC0VVwwyfkZ-JyOygiOsjng%3D%3D,https://www.google.com/search?q=Genoa&rlz=1C1ALOY_esCO1035CO1035&oq=Genoa&gs_lcrp=EgZjaHJvbWUyBggAEEUYOTISCAEQABhDGIMBGLEDGIAEGIoFMg8IAhAuGEMYsQMYgAQYigUyDAgDEAAYQxiABBiKBTIMCAQQABhDGIAEGIoFMgoIBRAAGLEDGIAEMgwIBhAAGEMYgAQYigUyDAgHEAAYFBiHAhiABDIMCAgQABhDGIAEGIoFMgcICRAuGIAE0gEJMTA2MTZqMGo5qAIAsAIA&sourceid=chrome&ie=UTF-8#sie=m;/g/11w22jb45s;2;/m/03zv9;dt;fp;1;;;&wptab=si:APYL9bsdvePlUvFpoma5fMvhOQ6bvXM76DvGLQOhfQo6Zp3kxNoH6BKiFU3NUK-DDCMYUl50O50je6Y_pgRm3IpRsSlYbsKls-YEcu9yYUL2YnmVQ4YudYQ4Y_xxEGvPHR77C-QcPNH5WvlitVIR5ZYdbAZVvUWKvV8nlZ8K634bGhTwLe0tvV-oyLHUqzo0Vy4ZKf9kLxRjC0VVwwyfkZ-JyOygiOsjng%3D%3D
Lecce,https://www.google.com/search?q=lecce+fc&sca_esv=0bc0bb76be1c03af&rlz=1C1ALOY_esCO1035CO1035&sxsrf=AHTn8zrpbeSkI8KXq6DOqao-uj3vGKJi6Q%3A1743270117573&ei=5TDoZ5fiIr6gkvQPxurD4Qs&oq=Lecce&gs_lp=Egxnd3Mtd2l6LXNlcnAiBUxlY2NlKgIIADIKEAAYsAMY1gQYRzIKEAAYsAMY1gQYRzIKEAAYsAMY1gQYRzIKEAAYsAMY1gQYRzIKEAAYsAMY1gQYRzIKEAAYsAMY1gQYRzIKEAAYsAMY1gQYRzIKEAAYsAMY1gQYRzINEAAYgAQYsAMYQxiKBTINEAAYgAQYsAMYQxiKBTINEAAYgAQYsAMYQxiKBTINEAAYgAQYsAMYQxiKBTIOEAAYsAMY5AIY1gTYAQEyDhAAGLADGOQCGNYE2AEBMg4QABiwAxjkAhjWBNgBATITEC4YgAQYsAMYQxjIAxiKBdgBATITEC4YgAQYsAMYQxjIAxiKBdgBATITEC4YgAQYsAMYQxjIAxiKBdgBATITEC4YgAQYsAMYQxjIAxiKBdgBAUiMCFAAWABwAXgBkAEAmAEAoAEAqgEAuAEByAEAmAIBoAIMmAMAiAYBkAYTugYGCAEQARgJkgcBMaAHAA&sclient=gws-wiz-serp#sie=t;/m/04999m;2;/m/03zv9;bbbs;hd;;;;2025-05-25T13:00:00Z&wptab=si:APYL9bsdvePlUvFpoma5fMvhOQ6bvXM76DvGLQOhfQo6Zp3kxNoH6BKiFU3NUK-DDCMYUl50O50je6Y_pgRm3IpRsSlYbsKls-YEcu9yYUL2YnmVQ4YudYQ4Y_xxEGvPHR77C-QcPNH5WvlitVIR5ZYdbAZVqRgObJEsGEAW5AwUR5QWoWEvhmjj4798rB4vi2mQGQzBfkxc9IwPgWf1ssXA4cOd6UgsqARk9PfCLRRQAHkHdqyjvzc%3D,https://www.google.com/search?q=lecce+fc&sca_esv=0bc0bb76be1c03af&rlz=1C1ALOY_esCO1035CO1035&sxsrf=AHTn8zrpbeSkI8KXq6DOqao-uj3vGKJi6Q%3A1743270117573&ei=5TDoZ5fiIr6gkvQPxurD4Qs&oq=Lecce&gs_lp=Egxnd3Mtd2l6LXNlcnAiBUxlY2NlKgIIADIKEAAYsAMY1gQYRzIKEAAYsAMY1gQYRzIKEAAYsAMY1gQYRzIKEAAYsAMY1gQYRzIKEAAYsAMY1gQYRzIKEAAYsAMY1gQYRzIKEAAYsAMY1gQYRzIKEAAYsAMY1gQYRzINEAAYgAQYsAMYQxiKBTINEAAYgAQYsAMYQxiKBTINEAAYgAQYsAMYQxiKBTINEAAYgAQYsAMYQxiKBTIOEAAYsAMY5AIY1gTYAQEyDhAAGLADGOQCGNYE2AEBMg4QABiwAxjkAhjWBNgBATITEC4YgAQYsAMYQxjIAxiKBdgBATITEC4YgAQYsAMYQxjIAxiKBdgBATITEC4YgAQYsAMYQxjIAxiKBdgBATITEC4YgAQYsAMYQxjIAxiKBdgBAUiMCFAAWABwAXgBkAEAmAEAoAEAqgEAuAEByAEAmAIBoAIMmAMAiAYBkAYTugYGCAEQARgJkgcBMaAHAA&sclient=gws-wiz-serp#sie=m;/g/11w22jb45s;2;/m/03zv9;dt;fp;1;;;&wptab=si:APYL9bsdvePlUvFpoma5fMvhOQ6bvXM76DvGLQOhfQo6Zp3kxNoH6BKiFU3NUK-DDCMYUl50O50je6Y_pgRm3IpRsSlYbsKls-YEcu9yYUL2YnmVQ4YudYQ4Y_xxEGvPHR77C-QcPNH5WvlitVIR5ZYdbAZVqRgObJEsGEAW5AwUR5QWoWEvhmjj4798rB4vi2mQGQzBfkxc9IwPgWf1ssXA4cOd6UgsqARk9PfCLRRQAHkHdqyjvzc%3D
Roma,https://www.google.com/search?q=roma+fc&sca_esv=0bc0bb76be1c03af&rlz=1C1ALOY_esCO1035CO1035&sxsrf=AHTn8zrlQu_LUzxYCZj0Jh9EKZ3bevA40g%3A1743270165841&ei=FTHoZ66NM8W1wt0PjNH7-Ao&oq=Roma&gs_lp=Egxnd3Mtd2l6LXNlcnAiBFJvbWEqAggBMgoQABiwAxjWBBhHMgoQABiwAxjWBBhHMgoQABiwAxjWBBhHMgoQABiwAxjWBBhHMgoQABiwAxjWBBhHMgoQABiwAxjWBBhHMgoQABiwAxjWBBhHMgoQABiwAxjWBBhHMg0QABiABBiwAxhDGIoFMg0QABiABBiwAxhDGIoFMg0QABiABBiwAxhDGIoFMg0QABiABBiwAxhDGIoFMg4QABiwAxjkAhjWBNgBATIOEAAYsAMY5AIY1gTYAQEyDhAAGLADGOQCGNYE2AEBMhMQLhiABBiwAxhDGMgDGIoF2AEBMhMQLhiABBiwAxhDGMgDGIoF2AEBMhMQLhiABBiwAxhDGMgDGIoF2AEBMhMQLhiABBiwAxhDGMgDGIoF2AEBSNoIUABYAHABeAGQAQCYAQCgAQCqAQC4AQHIAQCYAgGgAgiYAwCIBgGQBhO6BgYIARABGAmSBwExoAcA&sclient=gws-wiz-serp#sie=t;/m/0ytc;2;/m/03zv9;bbbs;hd;;;;2025-05-25T13:00:00Z&wptab=si:APYL9bsYRJ82IFt7d7VApj0TA5hNsH1aBzMxYw1W2YZ-0oz3gHBm7-yv00HV8mc-hl7KoutrEbhpBOCxTJIWTgIYBLyQbnUJAZaMbuq6etnXz0RTnllxTdxcaFwLDv-vnSGelqQ_DibuNzVFs-hiucZgjzuVypfeOfw33XZ8XZpV0uXu3oO_GBUx88Ikp9AD3GRU5PzQP0kRx7MyGvjoTk9-3zej5dAd_NXzUU5Li2519IS6B7eIcz8%3D,https://www.google.com/search?q=roma+fc&sca_esv=0bc0bb76be1c03af&rlz=1C1ALOY_esCO1035CO1035&sxsrf=AHTn8zrlQu_LUzxYCZj0Jh9EKZ3bevA40g%3A1743270165841&ei=FTHoZ66NM8W1wt0PjNH7-Ao&oq=Roma&gs_lp=Egxnd3Mtd2l6LXNlcnAiBFJvbWEqAggBMgoQABiwAxjWBBhHMgoQABiwAxjWBBhHMgoQABiwAxjWBBhHMgoQABiwAxjWBBhHMgoQABiwAxjWBBhHMgoQABiwAxjWBBhHMgoQABiwAxjWBBhHMgoQABiwAxjWBBhHMg0QABiABBiwAxhDGIoFMg0QABiABBiwAxhDGIoFMg0QABiABBiwAxhDGIoFMg0QABiABBiwAxhDGIoFMg4QABiwAxjkAhjWBNgBATIOEAAYsAMY5AIY1gTYAQEyDhAAGLADGOQCGNYE2AEBMhMQLhiABBiwAxhDGMgDGIoF2AEBMhMQLhiABBiwAxhDGMgDGIoF2AEBMhMQLhiABBiwAxhDGMgDGIoF2AEBMhMQLhiABBiwAxhDGMgDGIoF2AEBSNoIUABYAHABeAGQAQCYAQCgAQCqAQC4AQHIAQCYAgGgAgiYAwCIBgGQBhO6BgYIARABGAmSBwExoAcA&sclient=gws-wiz-serp#sie=m;/g/11w4bv848z;2;/m/03zv9;dt;fp;1;;;&wptab=si:APYL9bsYRJ82IFt7d7VApj0TA5hNsH1aBzMxYw1W2YZ-0oz3gHBm7-yv00HV8mc-hl7KoutrEbhpBOCxTJIWTgIYBLyQbnUJAZaMbuq6etnXz0RTnllxTdxcaFwLDv-vnSGelqQ_DibuNzVFs-hiucZgjzuVypfeOfw33XZ8XZpV0uXu3oO_GBUx88Ikp9AD3GRU5PzQP0kRx7MyGvjoTk9-3zej5dAd_NXzUU5Li2519IS6B7eIcz8%3D
Mónaco,https://www.google.com/search?q=partidos+de+as+m%C3%B3naco&rlz=1C1ALOY_esCO1035CO1035&oq=partidos+de+as+m%C3%B3naco&gs_lcrp=EgZjaHJvbWUyDggAEEUYJxg5GIAEGIoFMgcIARAAGIAEMgcIAhAAGIAEMgcIAxAAGIAEMgYIBBAAGAMyBwgFEAAYgAQyBwgGEAAYgAQyBwgHEAAYgAQyDAgIEAAYFBiHAhiABDIHCAkQABiABNIBBzcyMWowajeoAgCwAgA&sourceid=chrome&ie=UTF-8#sie=t;/m/01gjlw;2;/m/044hxl;bs;hd;;;;2025-03-29T20:05:00Z,https://www.google.com/search?q=partidos+de+as+m%C3%B3naco&rlz=1C1ALOY_esCO1035CO1035&oq=partidos+de+as+m%C3%B3naco&gs_lcrp=EgZjaHJvbWUyDggAEEUYJxg5GIAEGIoFMgcIARAAGIAEMgcIAhAAGIAEMgcIAxAAGIAEMgYIBBAAGAMyBwgFEAAYgAQyBwgGEAAYgAQyBwgHEAAYgAQyDAgIEAAYFBiHAhiABDIHCAkQABiABNIBBzcyMWowajeoAgCwAgA&sourceid=chrome&ie=UTF-8#sie=m;/g/11w3vpr8v1;2;/m/044hxl;dt;fp;1;;;
Niza,https://www.google.com/search?q=niza+fc&rlz=1C1ALOY_esCO1035CO1035&oq=Niza+fc&gs_lcrp=EgZjaHJvbWUqBwgAEAAYjwIyBwgAEAAYjwIyDwgBEC4YQxixAxiABBiKBTIZCAIQRRg5GEMYRhj9ARjjAhixAxiABBiKBTIHCAMQABiABDIHCAQQABiABDIHCAUQABiABDIHCAYQABiABDIHCAcQABiABDIHCAgQABiABDIHCAkQABiABNIBCDE5MzFqMGo5qAIAsAIA&sourceid=chrome&ie=UTF-8#sie=t;/m/0346qt;2;/m/044hxl;bbbs;hd;;;;2025-05-18T12:00:00Z&wptab=si:APYL9bsdvePlUvFpoma5fMvhOQ6bvXM76DvGLQOhfQo6Zp3kxNoH6BKiFU3NUK-DDCMYUl50O50je6Y_pgRm3IpRsSlYbsKls-YEcu9yYUL2YnmVQ4YudYQ4Y_xxEGvPHR77C-QcPNH5WvlitVIR5ZYdbAZVsR6ulP-F6B-RNsLWokt8sKbDDUEep3um27oU2wxL_jh_eny3Vr38MKoaVNbwuY8kEo3wJ7VDjiuYbubTt0L7yLaJChE%3D,https://www.google.com/search?q=niza+fc&rlz=1C1ALOY_esCO1035CO1035&oq=Niza+fc&gs_lcrp=EgZjaHJvbWUqBwgAEAAYjwIyBwgAEAAYjwIyDwgBEC4YQxixAxiABBiKBTIZCAIQRRg5GEMYRhj9ARjjAhixAxiABBiKBTIHCAMQABiABDIHCAQQABiABDIHCAUQABiABDIHCAYQABiABDIHCAcQABiABDIHCAgQABiABDIHCAkQABiABNIBCDE5MzFqMGo5qAIAsAIA&sourceid=chrome&ie=UTF-8#sie=m;/g/11w1lq0kk7;2;/m/044hxl;dt;fp;1;;;&wptab=si:APYL9bsdvePlUvFpoma5fMvhOQ6bvXM76DvGLQOhfQo6Zp3kxNoH6BKiFU3NUK-DDCMYUl50O50je6Y_pgRm3IpRsSlYbsKls-YEcu9yYUL2YnmVQ4YudYQ4Y_xxEGvPHR77C-QcPNH5WvlitVIR5ZYdbAZVsR6ulP-F6B-RNsLWokt8sKbDDUEep3um27oU2wxL_jh_eny3Vr38MKoaVNbwuY8kEo3wJ7VDjiuYbubTt0L7yLaJChE%3D
Juventude,https://www.google.com/search?gs_ssp=eJzj4tTP1TcwTS4rsjRg9OLMKi1LzSspTUkFAEsHByY&q=juventude&oq=Juventude&gs_lcrp=EgZjaHJvbWUqDwgBEC4YQxixAxiABBiKBTIUCAAQRRg5GEMY4wIYsQMYgAQYigUyDwgBEC4YQxixAxiABBiKBTIHCAIQABiABDIMCAMQABhDGIAEGIoFMgcIBBAAGIAEMgcIBRAAGIAEMgcIBhAAGIAEMgcIBxAAGIAEMgcICBAAGIAEMgcICRAAGIAE0gEIMTUzNGowajmoAgCwAgA&sourceid=chrome&ie=UTF-8#sie=t;/m/05cvr9;2;/m/0fnk7q;bbbs;hd;;;;2025-12-21T12:00:00Z&wptab=si:AMgyJEsE-G7y0rTWzqlNG2GzIAm8kgSdMFRrzlF2sZ_XYkLUH_IhXM5xC2YnC-WhQS_PCIUFZRm1g8PnLvXExVYUGgTdclAQpRapSJvZ5l5B6sGoe3n5fgIPeCHgY6D5EywuaNheAmBjbyKpC1VTLtud9ETquS3CeIvfiL3wvJBjtdqsa8jzbueZVXoPriKTx4_zRHGlStsO3LVPbBFhM1g4ViPigZ6v6KQyF6o5yA-7H7G6hPO0UQk%3D,https://www.google.com/search?gs_ssp=eJzj4tTP1TcwTS4rsjRg9OLMKi1LzSspTUkFAEsHByY&q=juventude&oq=Juventude&gs_lcrp=EgZjaHJvbWUqDwgBEC4YQxixAxiABBiKBTIUCAAQRRg5GEMY4wIYsQMYgAQYigUyDwgBEC4YQxixAxiABBiKBTIHCAIQABiABDIMCAMQABhDGIAEGIoFMgcIBBAAGIAEMgcIBRAAGIAEMgcIBhAAGIAEMgcIBxAAGIAEMgcICBAAGIAEMgcICRAAGIAE0gEIMTUzNGowajmoAgCwAgA&sourceid=chrome&ie=UTF-8#sie=m;/g/11x2lnzyt2;2;/m/0fnk7q;dt;fp;1;;;&wptab=si:AMgyJEsE-G7y0rTWzqlNG2GzIAm8kgSdMFRrzlF2sZ_XYkLUH_IhXM5xC2YnC-WhQS_PCIUFZRm1g8PnLvXExVYUGgTdclAQpRapSJvZ5l5B6sGoe3n5fgIPeCHgY6D5EywuaNheAmBjbyKpC1VTLtud9ETquS3CeIvfiL3wvJBjtdqsa8jzbueZVXoPriKTx4_zRHGlStsO3LVPbBFhM1g4ViPigZ6v6KQyF6o5yA-7H7G6hPO0UQk%3D
Friburgo,https://www.google.com/search?gs_ssp=eJzj4tTP1TcwNcwzNDZg9OIuTlZIK0rNTCotSgcATh4HGQ&q=sc+freiburg&rlz=1C1ALOY_esCO1035CO1035&oq=sc+fre&gs_lcrp=EgZjaHJvbWUqDwgBEC4YQxixAxiABBiKBTIGCAAQRRg5Mg8IARAuGEMYsQMYgAQYigUyDAgCEC4YQxiABBiKBTIHCAMQABiABDIHCAQQABiABDIMCAUQABhDGIAEGIoFMgcIBhAAGIAEMgcIBxAAGIAEMgcICBAAGIAE0gEIMzIwNWowajmoAgCwAgE&sourceid=chrome&ie=UTF-8#sie=t;/m/051n13;2;/m/037169;bbbs;hd;;;;2025-05-17T13:30:00Z&wptab=si:APYL9bsdvePlUvFpoma5fMvhOQ6bvXM76DvGLQOhfQo6Zp3kxNoH6BKiFU3NUK-DDCMYUl50O50je6Y_pgRm3IpRsSlYbsKls-YEcu9yYUL2YnmVQ4YudYQ4Y_xxEGvPHR77C-QcPNH5WvlitVIR5ZYdbAZVVQX-mhbZop_dGqblDiogaMGfiTLvlRIzsKJn_sPqKe9O4DjBw7qJLwRcHGpmSt4J1Nw5iumLPdMAx6a7OegrrFu02I8%3D,https://www.google.com/search?gs_ssp=eJzj4tTP1TcwNcwzNDZg9OIuTlZIK0rNTCotSgcATh4HGQ&q=sc+freiburg&rlz=1C1ALOY_esCO1035CO1035&oq=sc+fre&gs_lcrp=EgZjaHJvbWUqDwgBEC4YQxixAxiABBiKBTIGCAAQRRg5Mg8IARAuGEMYsQMYgAQYigUyDAgCEC4YQxiABBiKBTIHCAMQABiABDIHCAQQABiABDIMCAUQABhDGIAEGIoFMgcIBhAAGIAEMgcIBxAAGIAEMgcICBAAGIAE0gEIMzIwNWowajmoAgCwAgE&sourceid=chrome&ie=UTF-8#sie=m;/g/11y668zcry;2;/m/037169;dt;fp;1;;;&wptab=si:APYL9bsdvePlUvFpoma5fMvhOQ6bvXM76DvGLQOhfQo6Zp3kxNoH6BKiFU3NUK-DDCMYUl50O50je6Y_pgRm3IpRsSlYbsKls-YEcu9yYUL2YnmVQ4YudYQ4Y_xxEGvPHR77C-QcPNH5WvlitVIR5ZYdbAZVVQX-mhbZop_dGqblDiogaMGfiTLvlRIzsKJn_sPqKe9O4DjBw7qJLwRcHGpmSt4J1Nw5iumLPdMAx6a7OegrrFu02I8%3D
FC Union Berlin,https://www.google.com/search?q=fc+union+berlin&rlz=1C1ALOY_esCO1035CO1035&oq=fc+union+berlin&gs_lcrp=EgZjaHJvbWUyBggAEEUYOTIHCAEQLhiABDIMCAIQIxgnGIAEGIoFMgcIAxAAGIAEMgcIBBAAGIAEMgcIBRAAGIAEMgcIBhAAGIAEMgcIBxAAGIAEMgcICBAAGIAEMgcICRAAGIAE0gEINzgyNmowajeoAgCwAgA&sourceid=chrome&ie=UTF-8#sie=t;/m/0264v8r;2;/m/037169;bbbs;hd;;;;2025-05-17T13:30:00Z&wptab=si:APYL9buA3KKcsw3wGt-6FjQ-zfm_3HpmSoBelfkO9MczsxsNbSvfXD13dQHjEy9zxNMNCOtEtfLETNyn-36sazRfBea35jMUr18heGeCzeWGIgYpe1IIdZmsCkHPYvcNz4H7hlLYbRK3Uk4-73EHUDZvODASG8jR1bYNAan57cZv_7LReXR80XfGYqR6TfWLBSLhW5POJzwZbyy-_AJ5gtZ01D9ll9gYsrlFVaAFgcQqwZOe4D8lLpU%3D,https://www.google.com/search?q=fc+union+berlin&rlz=1C1ALOY_esCO1035CO1035&oq=fc+union+berlin&gs_lcrp=EgZjaHJvbWUyBggAEEUYOTIHCAEQLhiABDIMCAIQIxgnGIAEGIoFMgcIAxAAGIAEMgcIBBAAGIAEMgcIBRAAGIAEMgcIBhAAGIAEMgcIBxAAGIAEMgcICBAAGIAEMgcICRAAGIAE0gEINzgyNmowajeoAgCwAgA&sourceid=chrome&ie=UTF-8#sie=m;/g/11y668wdvw;2;/m/037169;dt;fp;1;;;&wptab=si:APYL9buA3KKcsw3wGt-6FjQ-zfm_3HpmSoBelfkO9MczsxsNbSvfXD13dQHjEy9zxNMNCOtEtfLETNyn-36sazRfBea35jMUr18heGeCzeWGIgYpe1IIdZmsCkHPYvcNz4H7hlLYbRK3Uk4-73EHUDZvODASG8jR1bYNAan57cZv_7LReXR80XfGYqR6TfWLBSLhW5POJzwZbyy-_AJ5gtZ01D9ll9gYsrlFVaAFgcQqwZOe4D8lLpU%3D
Dortmund,https://www.google.com/search?gs_ssp=eJzj4tTP1TcwLI9PMTNg9OJIyi8qLS7OTAQAQlQGmw&q=borussia&rlz=1C1ALOY_esCO1035CO1035&oq=boru&gs_lcrp=EgZjaHJvbWUqDAgBEC4YJxiABBiKBTIGCAAQRRg5MgwIARAuGCcYgAQYigUyEggCEC4YQxiDARixAxiABBiKBTISCAMQABhDGIMBGLEDGIAEGIoFMgoIBBAAGLEDGIAEMgwIBRAuGEMYgAQYigUyCggGEAAYsQMYgAQyBggHEAAYAzIICAgQABgDGAoyCQgJECMYJxiPAtIBCDIyMjBqMGo5qAIAsAIA&sourceid=chrome&ie=UTF-8#sie=t;/m/01w_d6;2;/m/037169;bbbs;hd;;;;2025-06-25T19:00:00Z&wptab=si:APYL9bsdvePlUvFpoma5fMvhOQ6bvXM76DvGLQOhfQo6Zp3kxNoH6BKiFU3NUK-DDCMYUl50O50je6Y_pgRm3IpRsSlYbsKls-YEcu9yYUL2YnmVQ4YudYQ4Y_xxEGvPHR77C-QcPNH5WvlitVIR5ZYdbAZVIOspnuUKxcGFhvX4d_F1eWbhQA8L_IR49TP0Qx4PyNJluV1BqnAa24sGCvXRxKQmTVb-FsW5xhPY6Y0PpY4ZbIfXmQo%3D,https://www.google.com/search?gs_ssp=eJzj4tTP1TcwLI9PMTNg9OJIyi8qLS7OTAQAQlQGmw&q=borussia&rlz=1C1ALOY_esCO1035CO1035&oq=boru&gs_lcrp=EgZjaHJvbWUqDAgBEC4YJxiABBiKBTIGCAAQRRg5MgwIARAuGCcYgAQYigUyEggCEC4YQxiDARixAxiABBiKBTISCAMQABhDGIMBGLEDGIAEGIoFMgoIBBAAGLEDGIAEMgwIBRAuGEMYgAQYigUyCggGEAAYsQMYgAQyBggHEAAYAzIICAgQABgDGAoyCQgJECMYJxiPAtIBCDIyMjBqMGo5qAIAsAIA&sourceid=chrome&ie=UTF-8#sie=m;/g/11y6691qwg;2;/m/037169;dt;fp;1;;;&wptab=si:APYL9bsdvePlUvFpoma5fMvhOQ6bvXM76DvGLQOhfQo6Zp3kxNoH6BKiFU3NUK-DDCMYUl50O50je6Y_pgRm3IpRsSlYbsKls-YEcu9yYUL2YnmVQ4YudYQ4Y_xxEGvPHR77C-QcPNH5WvlitVIR5ZYdbAZVIOspnuUKxcGFhvX4d_F1eWbhQA8L_IR49TP0Qx4PyNJluV1BqnAa24sGCvXRxKQmTVb-FsW5xhPY6Y0PpY4ZbIfXmQo%3D
Mainz 05,https://www.google.com/search?gs_ssp=eJzj4tTP1TcwNSwsyzNg9GLNTczMqwIAL_EFaQ&q=mainz&rlz=1C1ALOY_esCO1035CO1035&oq=main&gs_lcrp=EgZjaHJvbWUqDwgBEC4YQxixAxiABBiKBTIGCAAQRRg5Mg8IARAuGEMYsQMYgAQYigUyDAgCEAAYQxiABBiKBTIMCAMQABhDGIAEGIoFMhIIBBAuGEMYgwEYsQMYgAQYigUyBggFEEUYPTIGCAYQRRg8MgYIBxBFGDzSAQgyOTEzajBqN6gCALACAA&sourceid=chrome&ie=UTF-8#sie=t;/m/051qvn;2;/m/037169;bbbs;hd;;;;2025-05-17T13:30:00Z&wptab=si:APYL9bsdvePlUvFpoma5fMvhOQ6bvXM76DvGLQOhfQo6Zp3kxNoH6BKiFU3NUK-DDCMYUl50O50je6Y_pgRm3IpRsSlYbsKls-YEcu9yYUL2YnmVQ4YudYQ4Y_xxEGvPHR77C-QcPNH5WvlitVIR5ZYdbAZVW_YtpFKJGx41NAM0VKg6EryeiPP4TNSpqQWho063Nj_hu9xQPinL6Iu9RwGoZAJtfhXhVcRnmiEk6OXUL6LGt_Oat5s%3D,https://www.google.com/search?gs_ssp=eJzj4tTP1TcwNSwsyzNg9GLNTczMqwIAL_EFaQ&q=mainz&rlz=1C1ALOY_esCO1035CO1035&oq=main&gs_lcrp=EgZjaHJvbWUqDwgBEC4YQxixAxiABBiKBTIGCAAQRRg5Mg8IARAuGEMYsQMYgAQYigUyDAgCEAAYQxiABBiKBTIMCAMQABhDGIAEGIoFMhIIBBAuGEMYgwEYsQMYgAQYigUyBggFEEUYPTIGCAYQRRg8MgYIBxBFGDzSAQgyOTEzajBqN6gCALACAA&sourceid=chrome&ie=UTF-8#sie=m;/g/11y668zcry;2;/m/037169;dt;fp;1;;;&wptab=si:APYL9bsdvePlUvFpoma5fMvhOQ6bvXM76DvGLQOhfQo6Zp3kxNoH6BKiFU3NUK-DDCMYUl50O50je6Y_pgRm3IpRsSlYbsKls-YEcu9yYUL2YnmVQ4YudYQ4Y_xxEGvPHR77C-QcPNH5WvlitVIR5ZYdbAZVW_YtpFKJGx41NAM0VKg6EryeiPP4TNSpqQWho063Nj_hu9xQPinL6Iu9RwGoZAJtfhXhVcRnmiEk6OXUL6LGt_Oat5s%3D
Napoli,https://www.google.com/search?gs_ssp=eJzj4tTP1TcwsahItzBg9GLLSyzIz8kEADN7BZY&q=napoli&rlz=1C1ALOY_esCO1035CO1035&oq=Napoles&gs_lcrp=EgZjaHJvbWUqDAgDEC4YChixAxiABDIHCAAQABiPAjIMCAEQLhhDGIAEGIoFMgYIAhBFGDkyDAgDEC4YChixAxiABDIOCAQQABgKGEMYgAQYigUyEggFEAAYChiDARixAxiABBiKBTIPCAYQABgKGIMBGLEDGIAEMgcIBxAAGIAEMgkICBAAGAoYgAQyCAgJEAAYAxgK0gEINTU1MWowajmoAgCwAgDxBYws6pSG8-lv&sourceid=chrome&ie=UTF-8#sie=t;/m/048xg8;2;/m/03zv9;bbbs;hd;;;;2025-05-25T13:00:00Z&wptab=si:APYL9bsdvePlUvFpoma5fMvhOQ6bvXM76DvGLQOhfQo6Zp3kxNoH6BKiFU3NUK-DDCMYUl50O50je6Y_pgRm3IpRsSlYbsKls-YEcu9yYUL2YnmVQ4YudYQ4Y_xxEGvPHR77C-QcPNH5WvlitVIR5ZYdbAZVnuvYtLp8Jvuc_c2ktDgA9mt2N90s7ib0Pz5ldtd8puNNMmiR7J3lEwCV4RTAfmKsQz4q3vppqzXf1uYl8BGRiULsRMg%3D,https://www.google.com/search?gs_ssp=eJzj4tTP1TcwsahItzBg9GLLSyzIz8kEADN7BZY&q=napoli&rlz=1C1ALOY_esCO1035CO1035&oq=Napoles&gs_lcrp=EgZjaHJvbWUqDAgDEC4YChixAxiABDIHCAAQABiPAjIMCAEQLhhDGIAEGIoFMgYIAhBFGDkyDAgDEC4YChixAxiABDIOCAQQABgKGEMYgAQYigUyEggFEAAYChiDARixAxiABBiKBTIPCAYQABgKGIMBGLEDGIAEMgcIBxAAGIAEMgkICBAAGAoYgAQyCAgJEAAYAxgK0gEINTU1MWowajmoAgCwAgDxBYws6pSG8-lv&sourceid=chrome&ie=UTF-8#sie=m;/g/11y667lbj0;2;/m/03zv9;dt;fp;1;;;&wptab=si:APYL9bsdvePlUvFpoma5fMvhOQ6bvXM76DvGLQOhfQo6Zp3kxNoH6BKiFU3NUK-DDCMYUl50O50je6Y_pgRm3IpRsSlYbsKls-YEcu9yYUL2YnmVQ4YudYQ4Y_xxEGvPHR77C-QcPNH5WvlitVIR5ZYdbAZVnuvYtLp8Jvuc_c2ktDgA9mt2N90s7ib0Pz5ldtd8puNNMmiR7J3lEwCV4RTAfmKsQz4q3vppqzXf1uYl8BGRiULsRMg%3D
Milan,https://www.google.com/search?gs_ssp=eJzj4tDP1TcwNCwzNmD0Ys3NzEnMAwAmnwSq&q=milan&rlz=1C1ALOY_esCO1035CO1035&oq=Milan&gs_lcrp=EgZjaHJvbWUqDAgBEC4YQxiABBiKBTIRCAAQRRg5GEMY4wIYgAQYigUyDAgBEC4YQxiABBiKBTIMCAIQABhDGIAEGIoFMgwIAxAAGEMYgAQYigUyDAgEEAAYQxiABBiKBTIMCAUQABhDGIAEGIoFMgwIBhAuGEMYgAQYigUyDAgHEAAYQxiABBiKBTIMCAgQABhDGIAEGIoFMgwICRAAGEMYgAQYigXSAQgyMDAxajBqN6gCALACAA&sourceid=chrome&ie=UTF-8#sie=t;/m/011v3;2;/m/03zv9;bbbs;hd;;;;2025-05-25T13:00:00Z&wptab=si:APYL9btp3RF4rMteeKUUGnuEThopwi3n8zDPOUD_15eeNqymofjNp8Ggx03jTIB85JK2xfZX-PN_WHJ87reP5LTehwdvvpHWqUIShAMRBH0NlhoWnBaeEyQqXqVwveDRKb-hXLnQjhPkLs5mAmJzxKJK7FN78jgfl92U76Ke6fekp_pAsq62QnBRSyi_XrXbmE9TVGhRvrLxxkzXeRt4dAgyY0YjrK9__RFhBwOTu-lK_CbL4p2_lHU%3D,https://www.google.com/search?gs_ssp=eJzj4tDP1TcwNCwzNmD0Ys3NzEnMAwAmnwSq&q=milan&rlz=1C1ALOY_esCO1035CO1035&oq=Milan&gs_lcrp=EgZjaHJvbWUqDAgBEC4YQxiABBiKBTIRCAAQRRg5GEMY4wIYgAQYigUyDAgBEC4YQxiABBiKBTIMCAIQABhDGIAEGIoFMgwIAxAAGEMYgAQYigUyDAgEEAAYQxiABBiKBTIMCAUQABhDGIAEGIoFMgwIBhAuGEMYgAQYigUyDAgHEAAYQxiABBiKBTIMCAgQABhDGIAEGIoFMgwICRAAGEMYgAQYigXSAQgyMDAxajBqN6gCALACAA&sourceid=chrome&ie=UTF-8#sie=m;/g/11w26cz033;2;/m/03zv9;dt;fp;1;;;&wptab=si:APYL9btp3RF4rMteeKUUGnuEThopwi3n8zDPOUD_15eeNqymofjNp8Ggx03jTIB85JK2xfZX-PN_WHJ87reP5LTehwdvvpHWqUIShAMRBH0NlhoWnBaeEyQqXqVwveDRKb-hXLnQjhPkLs5mAmJzxKJK7FN78jgfl92U76Ke6fekp_pAsq62QnBRSyi_XrXbmE9TVGhRvrLxxkzXeRt4dAgyY0YjrK9__RFhBwOTu-lK_CbL4p2_lHU%3D
Tottenham,https://www.google.com/search?gs_ssp=eJzj4tDP1TfIKMsqMmD04izJLylJzctIzAUASS8HIA&q=tottenham&rlz=1C1GCEU_esCO1148CO1148&oq=tot&gs_lcrp=EgZjaHJvbWUqDwgBEC4YQxixAxiABBiKBTIGCAAQRRg5Mg8IARAuGEMYsQMYgAQYigUyDwgCEAAYQxixAxiABBiKBTIMCAMQABhDGIAEGIoFMgwIBBAAGEMYgAQYigUyDAgFEAAYQxiABBiKBTIMCAYQABhDGIAEGIoFMgwIBxAAGEMYgAQYigUyDAgIEAAYQxiABBiKBTIHCAkQABiPAtIBCDIwMzlqMGo3qAIAsAIA&sourceid=chrome&ie=UTF-8#sie=t;/m/0hvjr;2;/m/02_tc;bbbs;hd;;;;2025-07-31T11:30:00Z&wptab=si:APYL9btp3RF4rMteeKUUGnuEThopwi3n8zDPOUD_15eeNqymofjNp8Ggx03jTIB85JK2xfZX-PN_WHJ87reP5LTehwdvvpHWqUIShAMRBH0NlhoWnBaeEyQqXqVwveDRKb-hXLnQjhPkLs5mAmJzxKJK7FN7IxN2EIErlKR5C6Cqw8qXs5QVID5mXvLXnIx7aNnLNNHKFyaug_nuN--2rpe_qhAWsRmbNt4YiotpD-2VuI28rQdidKA%3D,https://www.google.com/search?gs_ssp=eJzj4tDP1TfIKMsqMmD04izJLylJzctIzAUASS8HIA&q=tottenham&rlz=1C1GCEU_esCO1148CO1148&oq=tot&gs_lcrp=EgZjaHJvbWUqDwgBEC4YQxixAxiABBiKBTIGCAAQRRg5Mg8IARAuGEMYsQMYgAQYigUyDwgCEAAYQxixAxiABBiKBTIMCAMQABhDGIAEGIoFMgwIBBAAGEMYgAQYigUyDAgFEAAYQxiABBiKBTIMCAYQABhDGIAEGIoFMgwIBxAAGEMYgAQYigUyDAgIEAAYQxiABBiKBTIHCAkQABiPAtIBCDIwMzlqMGo3qAIAsAIA&sourceid=chrome&ie=UTF-8#sie=m;/g/11w3rv1zxv;2;/m/02_tc;dt;fp;1;;;&wptab=si:APYL9btp3RF4rMteeKUUGnuEThopwi3n8zDPOUD_15eeNqymofjNp8Ggx03jTIB85JK2xfZX-PN_WHJ87reP5LTehwdvvpHWqUIShAMRBH0NlhoWnBaeEyQqXqVwveDRKb-hXLnQjhPkLs5mAmJzxKJK7FN7IxN2EIErlKR5C6Cqw8qXs5QVID5mXvLXnIx7aNnLNNHKFyaug_nuN--2rpe_qhAWsRmbNt4YiotpD-2VuI28rQdidKA%3D
Saint-Étienne,https://www.google.com/search?sca_esv=dcef92e01162e678&rlz=1C1CHZL_esCO906CO906&cs=0&sxsrf=AHTn8zpWqxTvtLS9g5WHVm2fogNOFPt3Kg:1745175449796&q=Association+Sportive+de+Saint-%C3%89tienne&stick=H4sIAAAAAAAAAONgVuLUz9U3MEkytcx9xGjCLfDyxz1hKe1Ja05eY1Tl4grOyC93zSvJLKkUEudig7J4pbi5ELp4FrGqORYX5ydnJpZk5ucpBBfkF5VklqUqpKQqBCdm5pXoHu4syUzNy0sFAOQAdQZtAAAA&ved=2ahUKEwizgoSWpeeMAxXnKlkFHZcJO4UQukt6BAgCEBU#sie=t;/m/04b59m;2;/m/044hxl;bbbs;hd;;;;2025-05-18T12:00:00Z&wptab=si:APYL9bsdvePlUvFpoma5fMvhOQ6bvXM76DvGLQOhfQo6Zp3kxNoH6BKiFU3NUK-DDCMYUl50O50je6Y_pgRm3IpRsSlYbsKls-YEcu9yYUL2YnmVQ4YudYQ4Y_xxEGvPHR77C-QcPNH5WvlitVIR5ZYdbAZV1USRAE58gw-P69IBKuHBEVEt0piK215PVUbj4Q87WQJB54mrHU3sWyA070WoZgrPeTbk2HWo-94bRw16NaMhgNRD-CY%3D,https://www.google.com/search?sca_esv=dcef92e01162e678&rlz=1C1CHZL_esCO906CO906&cs=0&sxsrf=AHTn8zpWqxTvtLS9g5WHVm2fogNOFPt3Kg:1745175449796&q=Association+Sportive+de+Saint-%C3%89tienne&stick=H4sIAAAAAAAAAONgVuLUz9U3MEkytcx9xGjCLfDyxz1hKe1Ja05eY1Tl4grOyC93zSvJLKkUEudig7J4pbi5ELp4FrGqORYX5ydnJpZk5ucpBBfkF5VklqUqpKQqBCdm5pXoHu4syUzNy0sFAOQAdQZtAAAA&ved=2ahUKEwizgoSWpeeMAxXnKlkFHZcJO4UQukt6BAgCEBU#sie=m;/g/11w3vq8vjk;2;/m/044hxl;dt;fp;1;;;&wptab=si:APYL9bsdvePlUvFpoma5fMvhOQ6bvXM76DvGLQOhfQo6Zp3kxNoH6BKiFU3NUK-DDCMYUl50O50je6Y_pgRm3IpRsSlYbsKls-YEcu9yYUL2YnmVQ4YudYQ4Y_xxEGvPHR77C-QcPNH5WvlitVIR5ZYdbAZV1USRAE58gw-P69IBKuHBEVEt0piK215PVUbj4Q87WQJB54mrHU3sWyA070WoZgrPeTbk2HWo-94bRw16NaMhgNRD-CY%3D
Nantes,https://www.google.com/search?rlz=1C1GCEU_esCO1153CO1153&sca_esv=a24eb7beebb63ee4&cs=0&sxsrf=AHTn8zqkuoUE0pHgBU07qkrNBKwraDaM7w:1745332939290&q=Football+Club+Nantes&stick=H4sIAAAAAAAAAONgVuLUz9U3MLG0NDR6xGjCLfDyxz1hKe1Ja05eY1Tl4grOyC93zSvJLKkUEudig7J4pbi5ELp4FrGKuOXnlyQl5uQoOOeUJin4JeaVpBYDABBvvaxbAAAA&ved=2ahUKEwj_hvDu7-uMAxWnle4BHfWQBXYQukt6BAgCEBU#sie=t;/m/049912;2;/m/044hxl;bbbs;hd;;;;2025-05-18T12:00:00Z&wptab=si:APYL9bsdvePlUvFpoma5fMvhOQ6bvXM76DvGLQOhfQo6Zp3kxNoH6BKiFU3NUK-DDCMYUl50O50je6Y_pgRm3IpRsSlYbsKls-YEcu9yYUL2YnmVQ4YudYQ4Y_xxEGvPHR77C-QcPNH5WvlitVIR5ZYdbAZVULnJa9s7MF84llnBJ3gwFdQD-Ye4D_05ByZyTUYXdGLyhPzSsX5upiwfO9xBQVOMIE0uWbR_8hqN9qxoAMrYQFsXsNq6wroNjTQsljl2u0OQfUsD,https://www.google.com/search?rlz=1C1GCEU_esCO1153CO1153&sca_esv=a24eb7beebb63ee4&cs=0&sxsrf=AHTn8zqkuoUE0pHgBU07qkrNBKwraDaM7w:1745332939290&q=Football+Club+Nantes&stick=H4sIAAAAAAAAAONgVuLUz9U3MLG0NDR6xGjCLfDyxz1hKe1Ja05eY1Tl4grOyC93zSvJLKkUEudig7J4pbi5ELp4FrGKuOXnlyQl5uQoOOeUJin4JeaVpBYDABBvvaxbAAAA&ved=2ahUKEwj_hvDu7-uMAxWnle4BHfWQBXYQukt6BAgCEBU#sie=m;/g/11w3vpny48;2;/m/044hxl;dt;fp;1;;;&wptab=si:APYL9bsdvePlUvFpoma5fMvhOQ6bvXM76DvGLQOhfQo6Zp3kxNoH6BKiFU3NUK-DDCMYUl50O50je6Y_pgRm3IpRsSlYbsKls-YEcu9yYUL2YnmVQ4YudYQ4Y_xxEGvPHR77C-QcPNH5WvlitVIR5ZYdbAZVULnJa9s7MF84llnBJ3gwFdQD-Ye4D_05ByZyTUYXdGLyhPzSsX5upiwfO9xBQVOMIE0uWbR_8hqN9qxoAMrYQFsXsNq6wroNjTQsljl2u0OQfUsD
PSG,https://www.google.com/search?q=PSG&rlz=1C1GCEU_esCO1153CO1153&oq=PSG&gs_lcrp=EgZjaHJvbWUyBggAEEUYOdIBBzQyM2owajmoAgCwAgA&sourceid=chrome&ie=UTF-8#sie=t;/m/01_1kk;2;/m/044hxl;bbbs;hd;;;;2025-06-23T19:00:00Z&wptab=si:APYL9bsdvePlUvFpoma5fMvhOQ6bvXM76DvGLQOhfQo6Zp3kxNoH6BKiFU3NUK-DDCMYUl50O50je6Y_pgRm3IpRsSlYbsKls-YEcu9yYUL2YnmVQ4YudYQ4Y_xxEGvPHR77C-QcPNH5WvlitVIR5ZYdbAZVWaV_edMCe4bpojVgwxRV7gDT11i6IYM5L2vwuXVDF7m8TLmw-H9-TDHe3_Vdxa0-pW1uNQ%3D%3D,https://www.google.com/search?q=PSG&rlz=1C1GCEU_esCO1153CO1153&oq=PSG&gs_lcrp=EgZjaHJvbWUyBggAEEUYOdIBBzQyM2owajmoAgCwAgA&sourceid=chrome&ie=UTF-8#sie=m;/g/11w1lqxv05;2;/m/044hxl;dt;fp;1;;;&wptab=si:APYL9bsdvePlUvFpoma5fMvhOQ6bvXM76DvGLQOhfQo6Zp3kxNoH6BKiFU3NUK-DDCMYUl50O50je6Y_pgRm3IpRsSlYbsKls-YEcu9yYUL2YnmVQ4YudYQ4Y_xxEGvPHR77C-QcPNH5WvlitVIR5ZYdbAZVWaV_edMCe4bpojVgwxRV7gDT11i6IYM5L2vwuXVDF7m8TLmw-H9-TDHe3_Vdxa0-pW1uNQ%3D%3D
U. D. Las Palmas,https://www.google.com/search?cs=0&rlz=1C1GCEU_esCO1153CO1153&sca_esv=cc91aa7b516a412e&sxsrf=AHTn8zrhuWmRV_YkIjSudyownTbnIjVWkw:1745356938482&q=Uni%C3%B3n+Deportiva+Las+Palmas&stick=H4sIAAAAAAAAAONgVuLUz9U3MDcxz7Z4xGjCLfDyxz1hKe1Ja05eY1Tl4grOyC93zSvJLKkUEudig7J4pbi5ELp4FrFKh-ZlHt6cp-CSWpBfVJJZlqjgk1isEJCYk5tYDABATykeYgAAAA&ved=2ahUKEwj2nsqiyeyMAxVpATQIHcKHFo8Qukt6BAgCEBY#sie=t;/m/0747k8;2;/m/09gqx;bbbs;hd;;;;2025-05-25T12:00:00Z&wptab=si:APYL9bsdvePlUvFpoma5fMvhOQ6bvXM76DvGLQOhfQo6Zp3kxNoH6BKiFU3NUK-DDCMYUl50O50je6Y_pgRm3IpRsSlYbsKls-YEcu9yYUL2YnmVQ4YudYQ4Y_xxEGvPHR77C-QcPNH5WvlitVIR5ZYdbAZVW8JIKRo-3JWKcru2jS6KB9V5sgy_ao7uxvhrHTFVmMzrI6kh3aBK6uM1xH6UamBCYtZ3ZCSbJz5AaxNUd7ZICnbfVwg%3D,https://www.google.com/search?cs=0&rlz=1C1GCEU_esCO1153CO1153&sca_esv=cc91aa7b516a412e&sxsrf=AHTn8zrhuWmRV_YkIjSudyownTbnIjVWkw:1745356938482&q=Uni%C3%B3n+Deportiva+Las+Palmas&stick=H4sIAAAAAAAAAONgVuLUz9U3MDcxz7Z4xGjCLfDyxz1hKe1Ja05eY1Tl4grOyC93zSvJLKkUEudig7J4pbi5ELp4FrFKh-ZlHt6cp-CSWpBfVJJZlqjgk1isEJCYk5tYDABATykeYgAAAA&ved=2ahUKEwj2nsqiyeyMAxVpATQIHcKHFo8Qukt6BAgCEBY#sie=m;/g/11y5mkk28r;2;/m/09gqx;dt;fp;1;;;&wptab=si:APYL9bsdvePlUvFpoma5fMvhOQ6bvXM76DvGLQOhfQo6Zp3kxNoH6BKiFU3NUK-DDCMYUl50O50je6Y_pgRm3IpRsSlYbsKls-YEcu9yYUL2YnmVQ4YudYQ4Y_xxEGvPHR77C-QcPNH5WvlitVIR5ZYdbAZVW8JIKRo-3JWKcru2jS6KB9V5sgy_ao7uxvhrHTFVmMzrI6kh3aBK6uM1xH6UamBCYtZ3ZCSbJz5AaxNUd7ZICnbfVwg%3D
Arsenal,https://www.google.com/search?q=Arsenal&rlz=1C1GCEU_esCO1148CO1148&oq=Arsenal&gs_lcrp=EgZjaHJvbWUyBggAEEUYOTIPCAEQLhhDGLEDGIAEGIoFMg4IAhBFGCcYOxiABBiKBTIMCAMQIxgnGIAEGIoFMhIIBBAAGEMYgwEYsQMYgAQYigUyEggFEAAYQxiDARixAxiABBiKBTISCAYQABhDGIMBGLEDGIAEGIoFMhIIBxAAGEMYgwEYsQMYgAQYigUyDAgIEAAYQxiABBiKBTIHCAkQABiPAtIBBzUwM2owajeoAgCwAgA&sourceid=chrome&ie=UTF-8#sie=t;/m/0xbm;2;/m/02_tc;bbbs;hd;;;;2025-07-31T11:30:00Z&wptab=si:APYL9bsYRJ82IFt7d7VApj0TA5hNsH1aBzMxYw1W2YZ-0oz3gHBm7-yv00HV8mc-hl7KoutrEbhpBOCxTJIWTgIYBLyQbnUJAZaMbuq6etnXz0RTnllxTdxcaFwLDv-vnSGelqQ_DibuNzVFs-hiucZgjzuVd2UeUIC1aKAKQkbbEZEsVzOLwL_4VgWhOPnUNprR2yCg960dceD1gn5xwJjHuFctabCUfA%3D%3D,https://www.google.com/search?q=Arsenal&rlz=1C1GCEU_esCO1148CO1148&oq=Arsenal&gs_lcrp=EgZjaHJvbWUyBggAEEUYOTIPCAEQLhhDGLEDGIAEGIoFMg4IAhBFGCcYOxiABBiKBTIMCAMQIxgnGIAEGIoFMhIIBBAAGEMYgwEYsQMYgAQYigUyEggFEAAYQxiDARixAxiABBiKBTISCAYQABhDGIMBGLEDGIAEGIoFMhIIBxAAGEMYgwEYsQMYgAQYigUyDAgIEAAYQxiABBiKBTIHCAkQABiPAtIBBzUwM2owajeoAgCwAgA&sourceid=chrome&ie=UTF-8#sie=m;/g/11w1hz8y34;2;/m/02_tc;dt;fp;1;;;&wptab=si:APYL9bsYRJ82IFt7d7VApj0TA5hNsH1aBzMxYw1W2YZ-0oz3gHBm7-yv00HV8mc-hl7KoutrEbhpBOCxTJIWTgIYBLyQbnUJAZaMbuq6etnXz0RTnllxTdxcaFwLDv-vnSGelqQ_DibuNzVFs-hiucZgjzuVd2UeUIC1aKAKQkbbEZEsVzOLwL_4VgWhOPnUNprR2yCg960dceD1gn5xwJjHuFctabCUfA%3D%3D
Parma,https://www.google.com/search?q=Parma+vs&sca_esv=cc91aa7b516a412e&rlz=1C1GCEU_esCO1148CO1148&sxsrf=AHTn8zqu3a7KmJ32B7sKuQb1QTM2Johi-Q%3A1745356954600&ei=mggIaPixJJ6cwbkP_fTGgQ0&ved=0ahUKEwj45qOqyeyMAxUeTjABHX26MdAQ4dUDCBI&uact=5&oq=Parma+vs&gs_lp=Egxnd3Mtd2l6LXNlcnAiCFBhcm1hIHZzMgsQABiABBixAxiDATIIEAAYgAQYsQMyBBAAGAMyBRAAGIAEMgUQABiABDIKEAAYgAQYQxiKBTIFEAAYgAQyBRAAGIAEMgUQABiABDIFEAAYgARIpQlQXlilBHABeAGQAQCYAcMBoAGABKoBAzAuM7gBA8gBAPgBAZgCBKACqATCAgoQABiwAxjWBBhHwgINEAAYgAQYsAMYQxiKBcICExAuGIAEGLADGEMYyAMYigXYAQHCAhwQLhiABBiwAxhDGMcBGMgDGIoFGI4FGK8B2AEBwgIOEAAYsAMY5AIY1gTYAQHCAg0QLhiABBixAxhDGIoFwgIOEAAYgAQYsQMYgwEYigXCAg0QABiABBixAxgUGIcCwgIOEC4YgAQYxwEYjgUYrwHCAgoQLhiABBhDGIoFwgIcEC4YgAQYsQMYQxiKBRiXBRjcBBjeBBjgBNgBAZgDAIgGAZAGE7oGBggBEAEYCJIHAzEuM6AHlBqyBwMwLjO4B6ME&sclient=gws-wiz-serp#sie=t;/m/0gxkm;2;/m/03zv9;bbbs;hd;;;;2025-05-25T13:00:00Z&wptab=si:APYL9btp3RF4rMteeKUUGnuEThopwi3n8zDPOUD_15eeNqymofjNp8Ggx03jTIB85JK2xfZX-PN_WHJ87reP5LTehwdvvpHWqUIShAMRBH0NlhoWnBaeEyQqXqVwveDRKb-hXLnQjhPkLs5mAmJzxKJK7FN7wEPAuxxkX_96qTcZbLAMqE15fmK08rIFpzzq0JhnZaiKPE1GHBgbM_FMPNRcro84fkP-KjNcO0ip8qGwEwciPT_bd1w%3D,https://www.google.com/search?q=Parma+vs&sca_esv=cc91aa7b516a412e&rlz=1C1GCEU_esCO1148CO1148&sxsrf=AHTn8zqu3a7KmJ32B7sKuQb1QTM2Johi-Q%3A1745356954600&ei=mggIaPixJJ6cwbkP_fTGgQ0&ved=0ahUKEwj45qOqyeyMAxUeTjABHX26MdAQ4dUDCBI&uact=5&oq=Parma+vs&gs_lp=Egxnd3Mtd2l6LXNlcnAiCFBhcm1hIHZzMgsQABiABBixAxiDATIIEAAYgAQYsQMyBBAAGAMyBRAAGIAEMgUQABiABDIKEAAYgAQYQxiKBTIFEAAYgAQyBRAAGIAEMgUQABiABDIFEAAYgARIpQlQXlilBHABeAGQAQCYAcMBoAGABKoBAzAuM7gBA8gBAPgBAZgCBKACqATCAgoQABiwAxjWBBhHwgINEAAYgAQYsAMYQxiKBcICExAuGIAEGLADGEMYyAMYigXYAQHCAhwQLhiABBiwAxhDGMcBGMgDGIoFGI4FGK8B2AEBwgIOEAAYsAMY5AIY1gTYAQHCAg0QLhiABBixAxhDGIoFwgIOEAAYgAQYsQMYgwEYigXCAg0QABiABBixAxgUGIcCwgIOEC4YgAQYxwEYjgUYrwHCAgoQLhiABBhDGIoFwgIcEC4YgAQYsQMYQxiKBRiXBRjcBBjeBBjgBNgBAZgDAIgGAZAGE7oGBggBEAEYCJIHAzEuM6AHlBqyBwMwLjO4B6ME&sclient=gws-wiz-serp#sie=m;/g/11w4bvbh3j;2;/m/03zv9;dt;fp;1;;;&wptab=si:APYL9btp3RF4rMteeKUUGnuEThopwi3n8zDPOUD_15eeNqymofjNp8Ggx03jTIB85JK2xfZX-PN_WHJ87reP5LTehwdvvpHWqUIShAMRBH0NlhoWnBaeEyQqXqVwveDRKb-hXLnQjhPkLs5mAmJzxKJK7FN7wEPAuxxkX_96qTcZbLAMqE15fmK08rIFpzzq0JhnZaiKPE1GHBgbM_FMPNRcro84fkP-KjNcO0ip8qGwEwciPT_bd1w%3D
Cagliari,https://www.google.com/search?gs_ssp=eJzj4tTP1TcwMU-3tDBg9OJOTkzPyUwsylRISwYAT5gG_Q&q=cagliari+fc&rlz=1C1GCEU_esCO1148CO1148&oq=Cagl&gs_lcrp=EgZjaHJvbWUqDwgCEC4YFBiHAhixAxiABDISCAAQABhDGOMCGLEDGIAEGIoFMg8IARAuGEMYsQMYgAQYigUyDwgCEC4YFBiHAhixAxiABDIPCAMQABhDGLEDGIAEGIoFMgwIBBAAGEMYgAQYigUyDAgFEAAYQxiABBiKBTIMCAYQABhDGIAEGIoFMgwIBxAAGEMYgAQYigUyDAgIEAAYQxiABBiKBTIMCAkQABhDGIAEGIoF0gEIMzA4MGowajeoAgCwAgA&sourceid=chrome&ie=UTF-8#sie=t;/m/047g98;2;/m/03zv9;bbbs;hd;;;;2025-05-25T13:00:00Z&wptab=si:APYL9bsdvePlUvFpoma5fMvhOQ6bvXM76DvGLQOhfQo6Zp3kxNoH6BKiFU3NUK-DDCMYUl50O50je6Y_pgRm3IpRsSlYbsKls-YEcu9yYUL2YnmVQ4YudYQ4Y_xxEGvPHR77C-QcPNH5WvlitVIR5ZYdbAZVedPaDY4Mg7ASdEscQNu2ID-cemR-EuJp7zEEXpOwyDXNmrGr-MHJnCXq8hHfUbu6amzKssx-_Pyp38d9jvQR7tjFAcA%3D,https://www.google.com/search?gs_ssp=eJzj4tTP1TcwMU-3tDBg9OJOTkzPyUwsylRISwYAT5gG_Q&q=cagliari+fc&rlz=1C1GCEU_esCO1148CO1148&oq=Cagl&gs_lcrp=EgZjaHJvbWUqDwgCEC4YFBiHAhixAxiABDISCAAQABhDGOMCGLEDGIAEGIoFMg8IARAuGEMYsQMYgAQYigUyDwgCEC4YFBiHAhixAxiABDIPCAMQABhDGLEDGIAEGIoFMgwIBBAAGEMYgAQYigUyDAgFEAAYQxiABBiKBTIMCAYQABhDGIAEGIoFMgwIBxAAGEMYgAQYigUyDAgIEAAYQxiABBiKBTIMCAkQABhDGIAEGIoF0gEIMzA4MGowajeoAgCwAgA&sourceid=chrome&ie=UTF-8#sie=m;/g/11y667dd1q;2;/m/03zv9;dt;fp;1;;;&wptab=si:APYL9bsdvePlUvFpoma5fMvhOQ6bvXM76DvGLQOhfQo6Zp3kxNoH6BKiFU3NUK-DDCMYUl50O50je6Y_pgRm3IpRsSlYbsKls-YEcu9yYUL2YnmVQ4YudYQ4Y_xxEGvPHR77C-QcPNH5WvlitVIR5ZYdbAZVedPaDY4Mg7ASdEscQNu2ID-cemR-EuJp7zEEXpOwyDXNmrGr-MHJnCXq8hHfUbu6amzKssx-_Pyp38d9jvQR7tjFAcA%3D
Fiorentina,https://www.google.com/search?q=fiorentina&sca_esv=cc91aa7b516a412e&rlz=1C1GCEU_esCO1148CO1148&sxsrf=AHTn8zqBkQKVtorpWd2RolSklMyicdwhUw%3A1745358149249&ei=RQ0IaOeBD_yGwbkP9oWO6Ac&ved=0ahUKEwinuPfjzeyMAxV8QzABHfaCA30Q4dUDCBI&uact=5&oq=fiorentina&gs_lp=Egxnd3Mtd2l6LXNlcnAiCmZpb3JlbnRpbmEyChAjGIAEGCcYigUyDRAuGIAEGLEDGEMYigUyDRAAGIAEGLEDGEMYigUyChAAGIAEGEMYigUyChAAGIAEGEMYigUyChAAGIAEGEMYigUyBRAAGIAEMgoQABiABBhDGIoFMggQABiABBixAzIFEAAYgARIlQlQvgRYvgRwAXgBkAEAmAGgAaABoAGqAQMwLjG4AQPIAQD4AQGYAgKgAqkBwgIKEAAYsAMY1gQYR8ICDRAAGIAEGLADGEMYigWYAwCIBgGQBgqSBwMxLjGgB_8IsgcDMC4xuAemAQ&sclient=gws-wiz-serp#sie=t;/m/01453;2;/m/03zv9;bbbs;hd;;;;2025-05-25T13:00:00Z&wptab=si:APYL9btp3RF4rMteeKUUGnuEThopwi3n8zDPOUD_15eeNqymofjNp8Ggx03jTIB85JK2xfZX-PN_WHJ87reP5LTehwdvvpHWqUIShAMRBH0NlhoWnBaeEyQqXqVwveDRKb-hXLnQjhPkLs5mAmJzxKJK7FN71zeFCqXpzu0VCCu7VmZxNrjqooTIRq4NUD_CBpnKfrkCYXJqpKBddAZedXL2qLvFvNtvZL56ETdCJp74zdRemUUnvB8%3D,https://www.google.com/search?q=fiorentina&sca_esv=cc91aa7b516a412e&rlz=1C1GCEU_esCO1148CO1148&sxsrf=AHTn8zqBkQKVtorpWd2RolSklMyicdwhUw%3A1745358149249&ei=RQ0IaOeBD_yGwbkP9oWO6Ac&ved=0ahUKEwinuPfjzeyMAxV8QzABHfaCA30Q4dUDCBI&uact=5&oq=fiorentina&gs_lp=Egxnd3Mtd2l6LXNlcnAiCmZpb3JlbnRpbmEyChAjGIAEGCcYigUyDRAuGIAEGLEDGEMYigUyDRAAGIAEGLEDGEMYigUyChAAGIAEGEMYigUyChAAGIAEGEMYigUyChAAGIAEGEMYigUyBRAAGIAEMgoQABiABBhDGIoFMggQABiABBixAzIFEAAYgARIlQlQvgRYvgRwAXgBkAEAmAGgAaABoAGqAQMwLjG4AQPIAQD4AQGYAgKgAqkBwgIKEAAYsAMY1gQYR8ICDRAAGIAEGLADGEMYigWYAwCIBgGQBgqSBwMxLjGgB_8IsgcDMC4xuAemAQ&sclient=gws-wiz-serp#sie=m;/g/11w4bvbh3j;2;/m/03zv9;dt;fp;1;;;&wptab=si:APYL9btp3RF4rMteeKUUGnuEThopwi3n8zDPOUD_15eeNqymofjNp8Ggx03jTIB85JK2xfZX-PN_WHJ87reP5LTehwdvvpHWqUIShAMRBH0NlhoWnBaeEyQqXqVwveDRKb-hXLnQjhPkLs5mAmJzxKJK7FN71zeFCqXpzu0VCCu7VmZxNrjqooTIRq4NUD_CBpnKfrkCYXJqpKBddAZedXL2qLvFvNtvZL56ETdCJp74zdRemUUnvB8%3D
Lazio,https://www.google.com/search?sca_esv=5a5a3411688c7191&rlz=1C1CHZL_esCO906CO906&cs=0&sxsrf=AHTn8zqywZRSpWF8QlGrBf3uD65MvZNGFg:1745379350230&q=Societ%C3%A0+Sportiva+Lazio&stick=H4sIAAAAAAAAAONgVuLQz9U3MDctjH_EaMwt8PLHPWEprUlrTl5jVOHiCs7IL3fNK8ksqRQS42KDsnikuLjgmngWsYoH5ydnppYcXqAQXJBfVJJZlqjgk1iVmQ8Al-H6NFwAAAA&ved=2ahUKEwj-k6vhnO2MAxUZmbAFHQ35AGQQukt6BAgCEBY#sie=t;/m/075q_;2;/m/03zv9;bbbs;hd;;;;2025-05-25T13:00:00Z&wptab=si:APYL9btp3RF4rMteeKUUGnuEThopwi3n8zDPOUD_15eeNqymofjNp8Ggx03jTIB85JK2xfZX-PN_WHJ87reP5LTehwdvvpHWqUIShAMRBH0NlhoWnBaeEyQqXqVwveDRKb-hXLnQjhPkLs5mAmJzxKJK7FN7VlCIgB2Se39o_pSclLHLtqGRw8zQtIq90oKOg797OTygtg2wgcyLREWx8qI-L5KDyuTicw%3D%3D,https://www.google.com/search?sca_esv=5a5a3411688c7191&rlz=1C1CHZL_esCO906CO906&cs=0&sxsrf=AHTn8zqywZRSpWF8QlGrBf3uD65MvZNGFg:1745379350230&q=Societ%C3%A0+Sportiva+Lazio&stick=H4sIAAAAAAAAAONgVuLQz9U3MDctjH_EaMwt8PLHPWEprUlrTl5jVOHiCs7IL3fNK8ksqRQS42KDsnikuLjgmngWsYoH5ydnppYcXqAQXJBfVJJZlqjgk1iVmQ8Al-H6NFwAAAA&ved=2ahUKEwj-k6vhnO2MAxUZmbAFHQ35AGQQukt6BAgCEBY#sie=m;/g/11m5jhmrvq;2;/m/01hrtp;dt;fp;1;;;&wptab=si:APYL9btp3RF4rMteeKUUGnuEThopwi3n8zDPOUD_15eeNqymofjNp8Ggx03jTIB85JK2xfZX-PN_WHJ87reP5LTehwdvvpHWqUIShAMRBH0NlhoWnBaeEyQqXqVwveDRKb-hXLnQjhPkLs5mAmJzxKJK7FN7VlCIgB2Se39o_pSclLHLtqGRw8zQtIq90oKOg797OTygtg2wgcyLREWx8qI-L5KDyuTicw%3D%3D
Atlético de Madrid,https://www.google.com/search?q=atletico+de+madrid&rlz=1C1CHZL_esCO906CO906&oq=atletico+de+madrid&gs_lcrp=EgZjaHJvbWUqEggAEAAYRhj9ARjjAhixAxiABDISCAAQABhGGP0BGOMCGLEDGIAEMgoIARAuGLEDGIAEMgoIAhAAGLEDGIAEMgcIAxAAGIAEMgcIBBAAGIAEMgcIBRAAGIAEMgcIBhAAGIAEMgcIBxAuGIAEMgcICBAAGIAEMgcICRAuGIAE0gEIMjIyM2owajeoAgCwAgA&sourceid=chrome&ie=UTF-8#sie=t;/m/0lg7v;2;/m/09gqx;bbbs;hd;;;;2025-06-23T19:00:00Z&wptab=si:APYL9btp3RF4rMteeKUUGnuEThopwi3n8zDPOUD_15eeNqymofjNp8Ggx03jTIB85JK2xfZX-PN_WHJ87reP5LTehwdvvpHWqUIShAMRBH0NlhoWnBaeEyQqXqVwveDRKb-hXLnQjhPkLs5mAmJzxKJK7FN72kPNRDMFdggo8NaeN47Nl55zCrP17G7vN9u97N_OGbZyprx3H0wyUrQRgET7B34oOM3t67flr9b3CfkB4ULcNYDa5ww%3D,https://www.google.com/search?q=atletico+de+madrid&rlz=1C1CHZL_esCO906CO906&oq=atletico+de+madrid&gs_lcrp=EgZjaHJvbWUqEggAEAAYRhj9ARjjAhixAxiABDISCAAQABhGGP0BGOMCGLEDGIAEMgoIARAuGLEDGIAEMgoIAhAAGLEDGIAEMgcIAxAAGIAEMgcIBBAAGIAEMgcIBRAAGIAEMgcIBhAAGIAEMgcIBxAuGIAEMgcICBAAGIAEMgcICRAuGIAE0gEIMjIyM2owajeoAgCwAgA&sourceid=chrome&ie=UTF-8#sie=m;/g/11y5mkk28r;2;/m/09gqx;dt;fp;1;;;&wptab=si:APYL9btp3RF4rMteeKUUGnuEThopwi3n8zDPOUD_15eeNqymofjNp8Ggx03jTIB85JK2xfZX-PN_WHJ87reP5LTehwdvvpHWqUIShAMRBH0NlhoWnBaeEyQqXqVwveDRKb-hXLnQjhPkLs5mAmJzxKJK7FN72kPNRDMFdggo8NaeN47Nl55zCrP17G7vN9u97N_OGbZyprx3H0wyUrQRgET7B34oOM3t67flr9b3CfkB4ULcNYDa5ww%3D
Valladolid,https://www.google.com/search?sca_esv=22ca403608f503d2&rlz=1C1CHZL_esCO906CO906&cs=0&sxsrf=AHTn8zqMtQm59s3WwMM9BBewBTBU-yY2ZA:1745456538582&q=Real+Valladolid+Club+de+F%C3%BAtbol&stick=H4sIAAAAAAAAAONgVuLUz9U3MCwyrSh_xGjCLfDyxz1hKe1Ja05eY1Tl4grOyC93zSvJLKkUEudig7J4pbi5ELp4FrHKB6Um5iiEJebkJKbk52SmKDjnlCYppKQquB3eVZKUnwMAJs6BcWYAAAA&ved=2ahUKEwjl1c2nvO-MAxUOH0QIHUJnPNwQukt6BAgCEAs#sie=t;/m/01r5xw;2;/m/09gqx;bbbs;hd;;;;2025-05-25T12:00:00Z&wptab=si:APYL9bsdvePlUvFpoma5fMvhOQ6bvXM76DvGLQOhfQo6Zp3kxNoH6BKiFU3NUK-DDCMYUl50O50je6Y_pgRm3IpRsSlYbsKls-YEcu9yYUL2YnmVQ4YudYQ4Y_xxEGvPHR77C-QcPNH5WvlitVIR5ZYdbAZV_3okW8HIbPRC5D8I8zfN4rzaxn8HjxFCVPOVOED8ncho1UAtiX4AZ1af8dnHpH2UmDT2Cf5-ssKCMNu65my9sfGsDTs%3D,https://www.google.com/search?sca_esv=22ca403608f503d2&rlz=1C1CHZL_esCO906CO906&cs=0&sxsrf=AHTn8zqMtQm59s3WwMM9BBewBTBU-yY2ZA:1745456538582&q=Real+Valladolid+Club+de+F%C3%BAtbol&stick=H4sIAAAAAAAAAONgVuLUz9U3MCwyrSh_xGjCLfDyxz1hKe1Ja05eY1Tl4grOyC93zSvJLKkUEudig7J4pbi5ELp4FrHKB6Um5iiEJebkJKbk52SmKDjnlCYppKQquB3eVZKUnwMAJs6BcWYAAAA&ved=2ahUKEwjl1c2nvO-MAxUOH0QIHUJnPNwQukt6BAgCEAs#sie=m;/g/11w1j1cthd;2;/m/09gqx;dt;fp;1;;;&wptab=si:APYL9bsdvePlUvFpoma5fMvhOQ6bvXM76DvGLQOhfQo6Zp3kxNoH6BKiFU3NUK-DDCMYUl50O50je6Y_pgRm3IpRsSlYbsKls-YEcu9yYUL2YnmVQ4YudYQ4Y_xxEGvPHR77C-QcPNH5WvlitVIR5ZYdbAZV_3okW8HIbPRC5D8I8zfN4rzaxn8HjxFCVPOVOED8ncho1UAtiX4AZ1af8dnHpH2UmDT2Cf5-ssKCMNu65my9sfGsDTs%3D
Everton,https://www.google.com/search?rlz=1C1CHZL_esCO906CO906&sca_esv=b3743c3edb8cdec9&cs=0&sxsrf=AHTn8zrsX2jSTV4yS9iOPOfyYr13fhx0MQ:1745543354629&q=Everton+Football+Club&stick=H4sIAAAAAAAAAONgVuLQz9U3yM1NMXvEaMwt8PLHPWEprUlrTl5jVOHiCs7IL3fNK8ksqRQS42KDsnikuLjgmngWsYq6lqUWleTnKbjl55ckJebkKDjnlCYBALw4IAVaAAAA&ved=2ahUKEwikv93c__GMAxXeL0QIHWW1LUoQukt6BAgCEBY#sie=t;/m/0mmd6;2;/m/02_tc;bbbs;hd;;;;2025-08-03T21:00:00Z&wptab=si:APYL9btp3RF4rMteeKUUGnuEThopwi3n8zDPOUD_15eeNqymofjNp8Ggx03jTIB85JK2xfZX-PN_WHJ87reP5LTehwdvvpHWqUIShAMRBH0NlhoWnBaeEyQqXqVwveDRKb-hXLnQjhPkLs5mAmJzxKJK7FN7fsUgtt1eLDA9qHs2xl1Qpyk14kC0WEkIUGwaHhE_2smXk4wKv93AbozjioIYtzC4Rgl2LowovsMiG4BwZ7WXrfB9EHo%3D,https://www.google.com/search?rlz=1C1CHZL_esCO906CO906&sca_esv=b3743c3edb8cdec9&cs=0&sxsrf=AHTn8zrsX2jSTV4yS9iOPOfyYr13fhx0MQ:1745543354629&q=Everton+Football+Club&stick=H4sIAAAAAAAAAONgVuLQz9U3yM1NMXvEaMwt8PLHPWEprUlrTl5jVOHiCs7IL3fNK8ksqRQS42KDsnikuLjgmngWsYq6lqUWleTnKbjl55ckJebkKDjnlCYBALw4IAVaAAAA&ved=2ahUKEwikv93c__GMAxXeL0QIHWW1LUoQukt6BAgCEBY#sie=m;/g/11y5mgcxwj;2;/m/02_tc;dt;fp;1;;;&wptab=si:APYL9btp3RF4rMteeKUUGnuEThopwi3n8zDPOUD_15eeNqymofjNp8Ggx03jTIB85JK2xfZX-PN_WHJ87reP5LTehwdvvpHWqUIShAMRBH0NlhoWnBaeEyQqXqVwveDRKb-hXLnQjhPkLs5mAmJzxKJK7FN7fsUgtt1eLDA9qHs2xl1Qpyk14kC0WEkIUGwaHhE_2smXk4wKv93AbozjioIYtzC4Rgl2LowovsMiG4BwZ7WXrfB9EHo%3D
Wolves,https://www.google.com/search?q=wolves+partidos&rlz=1C1CHZL_esCO906CO906&oq=wolves+partidos&gs_lcrp=EgZjaHJvbWUyDggAEEUYORhGGP0BGIAEMggIARAAGBYYHjIICAIQABgWGB4yCAgDEAAYFhgeMggIBBAAGBYYHjIICAUQABgWGB4yCAgGEAAYFhgeMggIBxAAGBYYHjIICAgQABgWGB4yCAgJEAAYFhge0gEIMjY1NWowajmoAgCwAgA&sourceid=chrome&ie=UTF-8#sie=t;/m/01fwqn;2;/m/02_tc;bs;hd;;;;2025-04-26T14:00:00Z,https://www.google.com/search?q=wolves+partidos&rlz=1C1CHZL_esCO906CO906&oq=wolves+partidos&gs_lcrp=EgZjaHJvbWUyDggAEEUYORhGGP0BGIAEMggIARAAGBYYHjIICAIQABgWGB4yCAgDEAAYFhgeMggIBBAAGBYYHjIICAUQABgWGB4yCAgGEAAYFhgeMggIBxAAGBYYHjIICAgQABgWGB4yCAgJEAAYFhge0gEIMjY1NWowajmoAgCwAgA&sourceid=chrome&ie=UTF-8#sie=m;/g/11y5mgyf1h;2;/m/02_tc;dt;fp;1;;;
Leicester City,https://www.google.com/search?q=leicester+city+partidos&rlz=1C1CHZL_esCO906CO906&oq=leicester+city+partidos&gs_lcrp=EgZjaHJvbWUyBggAEEUYOTISCAEQABhDGIMBGLEDGIAEGIoFMhIIAhAuGEMYgwEYsQMYgAQYigUyDAgDEAAYQxiABBiKBTIMCAQQABhDGIAEGIoFMgwIBRAAGEMYgAQYigUyDAgGEAAYQxiABBiKBTIMCAcQABhDGIAEGIoFMgYICBAAGAMyDAgJEAAYQxiABBiKBdIBCDQ3OTlqMGo5qAIAsAIA&sourceid=chrome&ie=UTF-8#sie=t;/m/01rlzn;2;/m/02_tc;bs;hd;;;;2025-04-26T14:00:00Z,https://www.google.com/search?q=leicester+city+partidos&rlz=1C1CHZL_esCO906CO906&oq=leicester+city+partidos&gs_lcrp=EgZjaHJvbWUyBggAEEUYOTISCAEQABhDGIMBGLEDGIAEGIoFMhIIAhAuGEMYgwEYsQMYgAQYigUyDAgDEAAYQxiABBiKBTIMCAQQABhDGIAEGIoFMgwIBRAAGEMYgAQYigUyDAgGEAAYQxiABBiKBTIMCAcQABhDGIAEGIoFMgYICBAAGAMyDAgJEAAYQxiABBiKBdIBCDQ3OTlqMGo5qAIAsAIA&sourceid=chrome&ie=UTF-8#sie=m;/g/11w3rtxr58;2;/m/02_tc;dt;fp;1;;;
Newcastle,https://www.google.com/search?cs=1&sca_esv=b74a6985e178e01b&sxsrf=AHTn8zrLInctVznmcd6j8z31ZFtP6MN0kQ:1747526750301&q=Newcastle+United+Football+Club&stick=H4sIAAAAAAAAAONgVuLQz9U3SCvLqXzEaMwt8PLHPWEprUlrTl5jVOHiCs7IL3fNK8ksqRQS42KDsnikuLjgmngWscr5pZYnJxaX5KQqhOZllqSmKLjl55ckJebkKDjnlCYBAHBSsXtjAAAA&ved=2ahUKEwjas7m53KuNAxUPKVkFHSaPCncQukt6BAgCEAs#sie=t;/m/0fvly;2;/m/02_tc;bbbs;hd;;;;2025-07-27T11:30:00Z&wptab=si:APYL9btp3RF4rMteeKUUGnuEThopwi3n8zDPOUD_15eeNqymofjNp8Ggx03jTIB85JK2xfZX-PN_WHJ87reP5LTehwdvvpHWqUIShAMRBH0NlhoWnBaeEyQqXqVwveDRKb-hXLnQjhPkLs5mAmJzxKJK7FN7S42MGrWZwJQ_QFCeisZ-IxP3ybi5TtcdiQN53MJtAHqruSZ9B_52jumMLAOd76Rx963fIpgcsiZ6jEgZTZYxof0DExQ%3D,https://www.google.com/search?q=newcastle+united&sca_esv=b3743c3edb8cdec9&rlz=1C1CHZL_esCO906CO906&sxsrf=AHTn8zqiZxangdu_NTiOR4_L5swPfzylyQ%3A1745545415921&ei=x-gKaJj6N7mLwbkPqISHoA0&gs_ssp=eJzj4tDP1TdIK8upNGD0EshLLU9OLC7JSVUozcssSU0BAIUACck&oq=newc&gs_lp=Egxnd3Mtd2l6LXNlcnAiBG5ld2MqAggBMgoQIxiABBgnGIoFMg0QLhiABBixAxhDGIoFMgoQABiABBhDGIoFMgoQABiABBhDGIoFMgoQABiABBhDGIoFMgoQABiABBhDGIoFMg0QABiABBixAxhDGIoFMgoQABiABBhDGIoFMgoQABiABBhDGIoFMgoQABiABBhDGIoFSJ4lUABY9xpwCHgBkAEAmAHTAaABgBCqAQUwLjguM7gBA8gBAPgBAZgCE6AC-BCoAhHCAgcQIxgnGOoCwgIUEAAYgAQY4wQYtAIY6QQY6gLYAQHCAgQQIxgnwgIKEC4YgAQYQxiKBcICEBAuGIAEGNEDGEMYxwEYigXCAhkQLhiABBhDGIoFGJcFGNwEGN4EGOAE2AEBwgITEC4YgAQYsQMY0QMYQxjHARiKBcICEBAuGIAEGLEDGEMYgwEYigXCAggQABiABBixA8ICDhAuGIAEGLEDGNEDGMcBwgIKEAAYgAQYFBiHAsICCBAuGIAEGLEDwgISEAAYgAQYsQMYQxiKBRhGGP0BwgIeEAAYgAQYsQMYQxiKBRhGGP0BGJcFGIwFGN0E2AEBwgILEAAYgAQYsQMYgwHCAhEQLhiABBixAxjRAxiDARjHAZgDBvEFwDLAdbgbtni6BgYIARABGAGSBwU4LjguM6AHk5gBsgcFMC44LjO4B8YQ&sclient=gws-wiz-serp#sie=m;/g/11w1hz7yls;2;/m/02_tc;dt;fp;1;;;&wptab=si:APYL9btp3RF4rMteeKUUGnuEThopwi3n8zDPOUD_15eeNqymofjNp8Ggx03jTIB85JK2xfZX-PN_WHJ87reP5LTehwdvvpHWqUIShAMRBH0NlhoWnBaeEyQqXqVwveDRKb-hXLnQjhPkLs5mAmJzxKJK7FN7S42MGrWZwJQ_QFCeisZ-IxP3ybi5TtcdiQN53MJtAHqruSZ9B_52jumMLAOd76Rx963fIpgcsiZ6jEgZTZYxof0DExQ%3D
Ipswich,https://www.google.com/search?q=ipswich+partidos&sca_esv=b3743c3edb8cdec9&rlz=1C1CHZL_esCO906CO906&sxsrf=AHTn8zrL0NiCxS7c-IPxQXvp3DZpVkyDhA%3A1745545518381&ei=LukKaM2GF6qTwbkPop6UwA0&ved=0ahUKEwjN1b_kh_KMAxWqSTABHSIPBdgQ4dUDCBM&uact=5&oq=ipswich+partidos&gs_lp=Egxnd3Mtd2l6LXNlcnAiEGlwc3dpY2ggcGFydGlkb3MyDxAAGIAEGBQYhwIYRhj9ATIKEAAYgAQYFBiHAjIGEAAYFhgeMggQABgWGAoYHjIGEAAYFhgeMgYQABgWGB4yBhAAGBYYHjIGEAAYFhgeMgYQABgWGB4yBhAAGBYYHjIbEAAYgAQYFBiHAhhGGP0BGJcFGIwFGN0E2AEBSNENUPoEWPIMcAJ4AZABAJgBwQGgAcQKqgEDMC44uAEDyAEA-AEBmAIKoAKOC8ICChAAGLADGNYEGEfCAg0QABiABBiwAxhDGIoFwgIOEAAYsAMY5AIY1gTYAQHCAhMQLhiABBiwAxhDGMgDGIoF2AEBwgIZEC4YgAQYsAMYQxjHARjIAxiKBRivAdgBAcICChAjGIAEGCcYigXCAgoQLhiABBhDGIoFwgIKEAAYgAQYQxiKBcICBBAAGAPCAgUQABiABMICCBAAGIAEGMsBwgIOEC4YgAQYxwEYywEYrwHCAggQLhiABBjLAZgDAIgGAZAGEroGBggBEAEYCZIHAzIuOKAH10iyBwMwLji4B4AL&sclient=gws-wiz-serp#sie=t;/m/01zhs3;2;/m/02_tc;bs;hd;;;;2025-04-26T14:00:00Z,https://www.google.com/search?q=ipswich+partidos&sca_esv=b3743c3edb8cdec9&rlz=1C1CHZL_esCO906CO906&sxsrf=AHTn8zrL0NiCxS7c-IPxQXvp3DZpVkyDhA%3A1745545518381&ei=LukKaM2GF6qTwbkPop6UwA0&ved=0ahUKEwjN1b_kh_KMAxWqSTABHSIPBdgQ4dUDCBM&uact=5&oq=ipswich+partidos&gs_lp=Egxnd3Mtd2l6LXNlcnAiEGlwc3dpY2ggcGFydGlkb3MyDxAAGIAEGBQYhwIYRhj9ATIKEAAYgAQYFBiHAjIGEAAYFhgeMggQABgWGAoYHjIGEAAYFhgeMgYQABgWGB4yBhAAGBYYHjIGEAAYFhgeMgYQABgWGB4yBhAAGBYYHjIbEAAYgAQYFBiHAhhGGP0BGJcFGIwFGN0E2AEBSNENUPoEWPIMcAJ4AZABAJgBwQGgAcQKqgEDMC44uAEDyAEA-AEBmAIKoAKOC8ICChAAGLADGNYEGEfCAg0QABiABBiwAxhDGIoFwgIOEAAYsAMY5AIY1gTYAQHCAhMQLhiABBiwAxhDGMgDGIoF2AEBwgIZEC4YgAQYsAMYQxjHARjIAxiKBRivAdgBAcICChAjGIAEGCcYigXCAgoQLhiABBhDGIoFwgIKEAAYgAQYQxiKBcICBBAAGAPCAgUQABiABMICCBAAGIAEGMsBwgIOEC4YgAQYxwEYywEYrwHCAggQLhiABBjLAZgDAIgGAZAGEroGBggBEAEYCZIHAzIuOKAH10iyBwMwLji4B4AL&sclient=gws-wiz-serp#sie=m;/g/11w1hz8y34;2;/m/02_tc;dt;fp;1;;;
Heidenheim,https://www.google.com/search?rlz=1C1CHZL_esCO906CO906&sca_esv=219e40ae4658da95&cs=0&sxsrf=AHTn8zoytgtB3FzHUBv4Tt8zahgT27sorA:1746141738387&q=1.+FC+Heidenheim+1846&stick=H4sIAAAAAAAAAONgVuLSz9U3MCrKKywze8Royi3w8sc9YSmdSWtOXmNU4-IKzsgvd80rySypFJLgYoOy-KR4uJC08SxiFTXUU3BzVvBIzUxJzctIzcxVMLQwMQMAgqrall4AAAA&ved=2ahUKEwiezKvwtIONAxWZD9AFHdl_GJMQukt6BAgCEBU#sie=t;/m/02rnqv6;2;/m/037169;bbbs;hd;;;;2025-05-17T13:30:00Z&wptab=si:APYL9buA3KKcsw3wGt-6FjQ-zfm_3HpmSoBelfkO9MczsxsNbSvfXD13dQHjEy9zxNMNCOtEtfLETNyn-36sazRfBea35jMUr18heGeCzeWGIgYpe1IIdZmsCkHPYvcNz4H7hlLYbRK3Uk4-73EHUDZvODASQgKViY-1plIBqnqvltSpbWQKe6MeV-rla0lfLO1ehSrhrIzi7_CXN-ppBUAlxxpzQ7Al_32m4-ypFhFHAic3lJaxJsY%3D,https://www.google.com/search?rlz=1C1CHZL_esCO906CO906&sca_esv=219e40ae4658da95&cs=0&sxsrf=AHTn8zoytgtB3FzHUBv4Tt8zahgT27sorA:1746141738387&q=1.+FC+Heidenheim+1846&stick=H4sIAAAAAAAAAONgVuLSz9U3MCrKKywze8Royi3w8sc9YSmdSWtOXmNU4-IKzsgvd80rySypFJLgYoOy-KR4uJC08SxiFTXUU3BzVvBIzUxJzctIzcxVMLQwMQMAgqrall4AAAA&ved=2ahUKEwiezKvwtIONAxWZD9AFHdl_GJMQukt6BAgCEBU#sie=m;/g/11y668y0g1;2;/m/037169;dt;fp;1;;;&wptab=si:APYL9buA3KKcsw3wGt-6FjQ-zfm_3HpmSoBelfkO9MczsxsNbSvfXD13dQHjEy9zxNMNCOtEtfLETNyn-36sazRfBea35jMUr18heGeCzeWGIgYpe1IIdZmsCkHPYvcNz4H7hlLYbRK3Uk4-73EHUDZvODASQgKViY-1plIBqnqvltSpbWQKe6MeV-rla0lfLO1ehSrhrIzi7_CXN-ppBUAlxxpzQ7Al_32m4-ypFhFHAic3lJaxJsY%3D
Bochum,https://www.google.com/search?q=bochum+partidos&rlz=1C1CHZL_esCO906CO906&sca_esv=219e40ae4658da95&cs=0&sxsrf=AHTn8zqa14sX-31hbVtBkfE5s_C1BmusXg%3A1746141833673&ei=iQIUaMTsKOz6wbkPmOHI6AE&ved=0ahUKEwiE1eSdtYONAxVsfTABHZgwEh0Q4dUDCBI&uact=5&oq=bochum+partidos&gs_lp=Egxnd3Mtd2l6LXNlcnAiD2JvY2h1bSBwYXJ0aWRvczIFEAAYgAQyBhAAGBYYHjIGEAAYFhgeMgYQABgWGB4yBhAAGBYYHjIGEAAYFhgeMgYQABgWGB4yBRAAGO8FMgUQABjvBTIFEAAY7wVIygpQ5AFYmglwAXgBkAEBmAGCAqAB7AuqAQUwLjguMbgBA8gBAPgBAZgCCaACmwrCAgoQABiwAxjWBBhHwgINEAAYgAQYsAMYQxiKBcICDhAAGLADGOQCGNYE2AEBwgITEC4YgAQYsAMYQxjIAxiKBdgBAcICGRAuGIAEGLADGEMYxwEYyAMYigUYrwHYAQHCAgoQLhiABBhDGIoFwgIKEAAYgAQYQxiKBcICGRAuGIAEGEMYigUYlwUY3AQY3gQY4ATYAQHCAgoQABiABBgUGIcCwgIIEAAYgAQYywHCAggQABgWGAoYHpgDAIgGAZAGEroGBggBEAEYCZIHAzEuOKAHkzqyBwMwLji4B5MK&sclient=gws-wiz-serp#sie=t;/m/02k9k9;2;/m/037169;bs;hd;;;;2025-05-02T18:30:00Z,https://www.google.com/search?q=bochum+partidos&rlz=1C1CHZL_esCO906CO906&sca_esv=219e40ae4658da95&cs=0&sxsrf=AHTn8zqa14sX-31hbVtBkfE5s_C1BmusXg%3A1746141833673&ei=iQIUaMTsKOz6wbkPmOHI6AE&ved=0ahUKEwiE1eSdtYONAxVsfTABHZgwEh0Q4dUDCBI&uact=5&oq=bochum+partidos&gs_lp=Egxnd3Mtd2l6LXNlcnAiD2JvY2h1bSBwYXJ0aWRvczIFEAAYgAQyBhAAGBYYHjIGEAAYFhgeMgYQABgWGB4yBhAAGBYYHjIGEAAYFhgeMgYQABgWGB4yBRAAGO8FMgUQABjvBTIFEAAY7wVIygpQ5AFYmglwAXgBkAEBmAGCAqAB7AuqAQUwLjguMbgBA8gBAPgBAZgCCaACmwrCAgoQABiwAxjWBBhHwgINEAAYgAQYsAMYQxiKBcICDhAAGLADGOQCGNYE2AEBwgITEC4YgAQYsAMYQxjIAxiKBdgBAcICGRAuGIAEGLADGEMYxwEYyAMYigUYrwHYAQHCAgoQLhiABBhDGIoFwgIKEAAYgAQYQxiKBcICGRAuGIAEGEMYigUYlwUY3AQY3gQY4ATYAQHCAgoQABiABBgUGIcCwgIIEAAYgAQYywHCAggQABgWGAoYHpgDAIgGAZAGEroGBggBEAEYCZIHAzEuOKAHkzqyBwMwLji4B5MK&sclient=gws-wiz-serp#sie=m;/g/11w22kkcq6;2;/m/037169;dt;fp;1;;;
Reims,https://www.google.com/search?q=reims+vs&rlz=1C1CHZL_esCO906CO906&sca_esv=219e40ae4658da95&cs=0&sxsrf=AHTn8zpH3ELj5P1n-U8ikoj9YVq5-RxtZA%3A1746142871341&ei=lwYUaLPOFJeEwbkPkbac4Ac&ved=0ahUKEwjz9cqMuYONAxUXQjABHREbB3wQ4dUDCBI&uact=5&oq=reims+vs&gs_lp=Egxnd3Mtd2l6LXNlcnAiCHJlaW1zIHZzMgoQABiABBhDGIoFMgUQABiABDIKEAAYgAQYQxiKBTIKEAAYgAQYQxiKBTIKEC4YgAQYQxiKBTIKEAAYgAQYQxiKBTIKEC4YgAQYQxiKBTIKEAAYgAQYQxiKBTIKEAAYgAQYQxiKBTIKEAAYgAQYQxiKBUigG1AAWKgacAJ4AZABAZgB8wGgAasOqgEGMC4xMC4xuAEDyAEA-AEBmAIIoAKgCMICChAjGIAEGCcYigXCAgoQLhiABBgnGIoFwgIIEC4YgAQYsQPCAg0QLhiABBixAxhDGIoFwgIIEAAYgAQYywGYAwCSBwMyLjagB_iRAbIHAzAuNrgHkwg&sclient=gws-wiz-serp#sie=t;/m/083my7;2;/m/044hxl;bbbs;hd;;;;2025-05-24T19:00:00Z&wptab=si:APYL9bsdvePlUvFpoma5fMvhOQ6bvXM76DvGLQOhfQo6Zp3kxNoH6BKiFU3NUK-DDCMYUl50O50je6Y_pgRm3IpRsSlYbsKls-YEcu9yYUL2YnmVQ4YudYQ4Y_xxEGvPHR77C-QcPNH5WvlitVIR5ZYdbAZVq3mVV-GQuA2ALpbQbvCgd6Uo57oC1dX2oNoiN0goypS2mTaWwF8OeaSf3Z3gDAfhHr43gmmOCJgsKinW8M-0zvJSlPA%3D,https://www.google.com/search?q=reims+vs&rlz=1C1CHZL_esCO906CO906&sca_esv=219e40ae4658da95&cs=0&sxsrf=AHTn8zpH3ELj5P1n-U8ikoj9YVq5-RxtZA%3A1746142871341&ei=lwYUaLPOFJeEwbkPkbac4Ac&ved=0ahUKEwjz9cqMuYONAxUXQjABHREbB3wQ4dUDCBI&uact=5&oq=reims+vs&gs_lp=Egxnd3Mtd2l6LXNlcnAiCHJlaW1zIHZzMgoQABiABBhDGIoFMgUQABiABDIKEAAYgAQYQxiKBTIKEAAYgAQYQxiKBTIKEC4YgAQYQxiKBTIKEAAYgAQYQxiKBTIKEC4YgAQYQxiKBTIKEAAYgAQYQxiKBTIKEAAYgAQYQxiKBTIKEAAYgAQYQxiKBUigG1AAWKgacAJ4AZABAZgB8wGgAasOqgEGMC4xMC4xuAEDyAEA-AEBmAIIoAKgCMICChAjGIAEGCcYigXCAgoQLhiABBgnGIoFwgIIEC4YgAQYsQPCAg0QLhiABBixAxhDGIoFwgIIEAAYgAQYywGYAwCSBwMyLjagB_iRAbIHAzAuNrgHkwg&sclient=gws-wiz-serp#sie=m;/g/11w1lqp7j6;2;/m/044hxl;dt;fp;1;;;&wptab=si:APYL9bsdvePlUvFpoma5fMvhOQ6bvXM76DvGLQOhfQo6Zp3kxNoH6BKiFU3NUK-DDCMYUl50O50je6Y_pgRm3IpRsSlYbsKls-YEcu9yYUL2YnmVQ4YudYQ4Y_xxEGvPHR77C-QcPNH5WvlitVIR5ZYdbAZVq3mVV-GQuA2ALpbQbvCgd6Uo57oC1dX2oNoiN0goypS2mTaWwF8OeaSf3Z3gDAfhHr43gmmOCJgsKinW8M-0zvJSlPA%3D
Southampton,https://www.google.com/search?cs=0&rlz=1C1UEAD_esCO992CO992&sca_esv=e4a529db535589d2&sxsrf=AHTn8zoCTAMiHwVeX9-PDAM5Cxb5WtYy7g:1746578066343&q=Southampton+Football+Club&stick=H4sIAAAAAAAAAONgVuLQz9U3yI7PMXnEaMwt8PLHPWEprUlrTl5jVOHiCs7IL3fNK8ksqRQS42KDsnikuLjgmngWsUoG55eWZCTmFpTk5ym45eeXJCXm5Cg455QmAQD2rpIrXgAAAA&ved=2ahUKEwjXz9ypjpCNAxXTJUQIHbeCH5AQukt6BAgCEBU#sie=t;/m/0k_l4;2;/m/02_tc;bbbs;hd;;;;2025-05-25T15:00:00Z&wptab=si:APYL9btp3RF4rMteeKUUGnuEThopwi3n8zDPOUD_15eeNqymofjNp8Ggx03jTIB85JK2xfZX-PN_WHJ87reP5LTehwdvvpHWqUIShAMRBH0NlhoWnBaeEyQqXqVwveDRKb-hXLnQjhPkLs5mAmJzxKJK7FN781xOFL8HL9OjdSwXTtyQLcKI2bd3F1i3Sm8Ood0zMEYaC1cZM_pniAJFb-poLXs17N0Llj8MkaNTS4TiNQMvUf88EGQ%3D,https://www.google.com/search?cs=0&rlz=1C1UEAD_esCO992CO992&sca_esv=e4a529db535589d2&sxsrf=AHTn8zoCTAMiHwVeX9-PDAM5Cxb5WtYy7g:1746578066343&q=Southampton+Football+Club&stick=H4sIAAAAAAAAAONgVuLQz9U3yI7PMXnEaMwt8PLHPWEprUlrTl5jVOHiCs7IL3fNK8ksqRQS42KDsnikuLjgmngWsUoG55eWZCTmFpTk5ym45eeXJCXm5Cg455QmAQD2rpIrXgAAAA&ved=2ahUKEwjXz9ypjpCNAxXTJUQIHbeCH5AQukt6BAgCEBU#sie=m;/g/11w1hz7sy4;2;/m/02_tc;dt;fp;1;;;&wptab=si:APYL9btp3RF4rMteeKUUGnuEThopwi3n8zDPOUD_15eeNqymofjNp8Ggx03jTIB85JK2xfZX-PN_WHJ87reP5LTehwdvvpHWqUIShAMRBH0NlhoWnBaeEyQqXqVwveDRKb-hXLnQjhPkLs5mAmJzxKJK7FN781xOFL8HL9OjdSwXTtyQLcKI2bd3F1i3Sm8Ood0zMEYaC1cZM_pniAJFb-poLXs17N0Llj8MkaNTS4TiNQMvUf88EGQ%3D
Fulham,https://www.google.com/search?sca_esv=e4a529db535589d2&rlz=1C1UEAD_esCO992CO992&cs=0&sxsrf=AHTn8zpchcJ2n8XnMoX95Tc7eFSyUCdtRw:1746578795599&q=Fulham+Football+Club&stick=H4sIAAAAAAAAAONgVuLQz9U3MIrPKXnEaMwt8PLHPWEprUlrTl5jVOHiCs7IL3fNK8ksqRQS42KDsnikuLjgmngWsYq4leZkJOYquOXnlyQl5uQoOOeUJgEARk2rf1kAAAA&ved=2ahUKEwjegLuFkZCNAxU-l-4BHSKNJ_YQukt6BAgCEBU#sie=t;/m/02_lt;2;/m/02_tc;bbbs;hd;;;;2025-05-25T15:00:00Z&wptab=si:APYL9btp3RF4rMteeKUUGnuEThopwi3n8zDPOUD_15eeNqymofjNp8Ggx03jTIB85JK2xfZX-PN_WHJ87reP5LTehwdvvpHWqUIShAMRBH0NlhoWnBaeEyQqXqVwveDRKb-hXLnQjhPkLs5mAmJzxKJK7FN7JRlsg1mBO5VoF3I8l-gzwzY7Kuug1vJxkRc5m9iKvmHUu4wXoDJdvtaJpzsVmn_mS8rtCQ%3D%3D,https://www.google.com/search?sca_esv=e4a529db535589d2&rlz=1C1UEAD_esCO992CO992&cs=0&sxsrf=AHTn8zpchcJ2n8XnMoX95Tc7eFSyUCdtRw:1746578795599&q=Fulham+Football+Club&stick=H4sIAAAAAAAAAONgVuLQz9U3MIrPKXnEaMwt8PLHPWEprUlrTl5jVOHiCs7IL3fNK8ksqRQS42KDsnikuLjgmngWsYq4leZkJOYquOXnlyQl5uQoOOeUJgEARk2rf1kAAAA&ved=2ahUKEwjegLuFkZCNAxU-l-4BHSKNJ_YQukt6BAgCEBU#sie=m;/g/11y5mgtksz;2;/m/02_tc;dt;fp;1;;;&wptab=si:APYL9btp3RF4rMteeKUUGnuEThopwi3n8zDPOUD_15eeNqymofjNp8Ggx03jTIB85JK2xfZX-PN_WHJ87reP5LTehwdvvpHWqUIShAMRBH0NlhoWnBaeEyQqXqVwveDRKb-hXLnQjhPkLs5mAmJzxKJK7FN7JRlsg1mBO5VoF3I8l-gzwzY7Kuug1vJxkRc5m9iKvmHUu4wXoDJdvtaJpzsVmn_mS8rtCQ%3D%3D
Brighton,https://www.google.com/search?q=brighton+partiddos&rlz=1C1UEAD_esCO992CO992&oq=brighton+partiddos&gs_lcrp=EgZjaHJvbWUyBggAEEUYOTIRCAEQABgUGEYY_QEYhwIYgAQyDAgCEAAYFBiHAhiABDIHCAMQABiABDIICAQQABgWGB4yCAgFEAAYFhgeMggIBhAAGBYYHjIICAcQABgWGB4yCAgIEAAYFhgeMggICRAAGBYYHtIBCDUzNDZqMGo5qAIAsAIA&sourceid=chrome&ie=UTF-8#sie=t;/m/0j2pg;2;/m/02_tc;bs;hd;;;;2025-05-10T14:00:00Z,https://www.google.com/search?q=brighton+partiddos&rlz=1C1UEAD_esCO992CO992&oq=brighton+partiddos&gs_lcrp=EgZjaHJvbWUyBggAEEUYOTIRCAEQABgUGEYY_QEYhwIYgAQyDAgCEAAYFBiHAhiABDIHCAMQABiABDIICAQQABgWGB4yCAgFEAAYFhgeMggIBhAAGBYYHjIICAcQABgWGB4yCAgIEAAYFhgeMggICRAAGBYYHtIBCDUzNDZqMGo5qAIAsAIA&sourceid=chrome&ie=UTF-8#sie=m;/g/11y5mgttch;2;/m/02_tc;dt;fp;1;;;
Aston Villa,https://www.google.com/search?q=aston+villa&rlz=1C1UEAD_esCO992CO992&oq=aston+villa&gs_lcrp=EgZjaHJvbWUqEQgAECMYJxhGGP0BGIAEGIoFMhEIABAjGCcYRhj9ARiABBiKBTIPCAEQLhhDGLEDGIAEGIoFMgwIAhAjGCcYgAQYigUyDAgDEC4YQxiABBiKBTIPCAQQABhDGLEDGIAEGIoFMgwIBRAAGEMYgAQYigUyDAgGEAAYQxiABBiKBTINCAcQABiDARixAxiABDIMCAgQABhDGIAEGIoFMg8ICRAAGEMYsQMYgAQYigXSAQgxOTM4ajBqOagCALACAA&sourceid=chrome&ie=UTF-8#sie=t;/m/0bl8l;2;/m/02_tc;bbbs;hd;;;;2025-05-25T15:00:00Z&wptab=si:APYL9btp3RF4rMteeKUUGnuEThopwi3n8zDPOUD_15eeNqymofjNp8Ggx03jTIB85JK2xfZX-PN_WHJ87reP5LTehwdvvpHWqUIShAMRBH0NlhoWnBaeEyQqXqVwveDRKb-hXLnQjhPkLs5mAmJzxKJK7FN7L86wHprtRHHpyArKdMwG8Ged6DVsVWesFB_x_R_TRNOPbJ_m1nGVuJ_1P_YVF88VH1eX2uNP1AagRsxZcwffNg_-qN4%3D,https://www.google.com/search?q=aston+villa&rlz=1C1UEAD_esCO992CO992&oq=aston+villa&gs_lcrp=EgZjaHJvbWUqEQgAECMYJxhGGP0BGIAEGIoFMhEIABAjGCcYRhj9ARiABBiKBTIPCAEQLhhDGLEDGIAEGIoFMgwIAhAjGCcYgAQYigUyDAgDEC4YQxiABBiKBTIPCAQQABhDGLEDGIAEGIoFMgwIBRAAGEMYgAQYigUyDAgGEAAYQxiABBiKBTINCAcQABiDARixAxiABDIMCAgQABhDGIAEGIoFMg8ICRAAGEMYsQMYgAQYigXSAQgxOTM4ajBqOagCALACAA&sourceid=chrome&ie=UTF-8#sie=m;/g/11w1hz7yls;2;/m/02_tc;dt;fp;1;;;&wptab=si:APYL9btp3RF4rMteeKUUGnuEThopwi3n8zDPOUD_15eeNqymofjNp8Ggx03jTIB85JK2xfZX-PN_WHJ87reP5LTehwdvvpHWqUIShAMRBH0NlhoWnBaeEyQqXqVwveDRKb-hXLnQjhPkLs5mAmJzxKJK7FN7L86wHprtRHHpyArKdMwG8Ged6DVsVWesFB_x_R_TRNOPbJ_m1nGVuJ_1P_YVF88VH1eX2uNP1AagRsxZcwffNg_-qN4%3D
West Ham,https://www.google.com/search?cs=0&rlz=1C1UEAD_esCO992CO992&sca_esv=94cd03490605ca63&sxsrf=AHTn8zpms9f7TG1h2CHScx9thAosYnyWVQ:1746936511420&q=West+Ham+United+Football+Club&stick=H4sIAAAAAAAAAONgVuLQz9U3SM5OM3vEaMwt8PLHPWEprUlrTl5jVOHiCs7IL3fNK8ksqRQS42KDsnikuLjgmngWscqGpxaXKHgk5iqE5mWWpKYouOXnlyQl5uQoOOeUJgEAkAcn7mIAAAA&ved=2ahUKEwje8dPRxZqNAxXYRjABHVwOJQAQukt6BAgCEBY#sie=t;/m/0ckf6;2;/m/02_tc;bbbs;hd;;;;2025-08-03T18:00:00Z&wptab=si:APYL9btp3RF4rMteeKUUGnuEThopwi3n8zDPOUD_15eeNqymofjNp8Ggx03jTIB85JK2xfZX-PN_WHJ87reP5LTehwdvvpHWqUIShAMRBH0NlhoWnBaeEyQqXqVwveDRKb-hXLnQjhPkLs5mAmJzxKJK7FN7hgC8-ifP3S1L2iPETbhojY1FLHwvv-wVOvygpV5czNuZkGtzwYZfZDTp8nOp7RUDKCCTX-C1el2NJ_LacTT-VEdD8uc%3D,https://www.google.com/search?cs=0&rlz=1C1UEAD_esCO992CO992&sca_esv=94cd03490605ca63&sxsrf=AHTn8zpms9f7TG1h2CHScx9thAosYnyWVQ:1746936511420&q=West+Ham+United+Football+Club&stick=H4sIAAAAAAAAAONgVuLQz9U3SM5OM3vEaMwt8PLHPWEprUlrTl5jVOHiCs7IL3fNK8ksqRQS42KDsnikuLjgmngWscqGpxaXKHgk5iqE5mWWpKYouOXnlyQl5uQoOOeUJgEAkAcn7mIAAAA&ved=2ahUKEwje8dPRxZqNAxXYRjABHVwOJQAQukt6BAgCEBY#sie=m;/g/11y5mgf54_;2;/m/02_tc;dt;fp;1;;;&wptab=si:APYL9btp3RF4rMteeKUUGnuEThopwi3n8zDPOUD_15eeNqymofjNp8Ggx03jTIB85JK2xfZX-PN_WHJ87reP5LTehwdvvpHWqUIShAMRBH0NlhoWnBaeEyQqXqVwveDRKb-hXLnQjhPkLs5mAmJzxKJK7FN7hgC8-ifP3S1L2iPETbhojY1FLHwvv-wVOvygpV5czNuZkGtzwYZfZDTp8nOp7RUDKCCTX-C1el2NJ_LacTT-VEdD8uc%3D
Wolfsburg,https://www.google.com/search?sca_esv=e22de9d06ec1c45e&cs=1&sxsrf=AHTn8zphDQnzgSuVZgZvMqmoaIHRWaRKvQ:1746660050830&q=VfL+Wolfsburgo&stick=H4sIAAAAAAAAAONgVuLUz9U3MLFMMzB9xGjCLfDyxz1hKe1Ja05eY1Tl4grOyC93zSvJLKkUEudig7J4pbi5ELp4FrHyhaX5KITn56QVJ5UWpecDANcXsVVVAAAA&ved=2ahUKEwj9tfzev5KNAxXPEEQIHVH_KIkQukt6BAgCEBU#sie=t;/m/049f05;2;/m/037169;bbbs;hd;;;;2025-05-17T13:30:00Z&wptab=si:APYL9bsdvePlUvFpoma5fMvhOQ6bvXM76DvGLQOhfQo6Zp3kxNoH6BKiFU3NUK-DDCMYUl50O50je6Y_pgRm3IpRsSlYbsKls-YEcu9yYUL2YnmVQ4YudYQ4Y_xxEGvPHR77C-QcPNH5WvlitVIR5ZYdbAZVVjsCyBYUl8hUordAwMHlLAh64vhuqEXscBSFnG8uy-tSLv96CZ5BH9gQFuela-iy8CcmHwuXE3JjvVW4M04B0Hd4Et8%3D,https://www.google.com/search?sca_esv=e22de9d06ec1c45e&cs=1&sxsrf=AHTn8zphDQnzgSuVZgZvMqmoaIHRWaRKvQ:1746660050830&q=VfL+Wolfsburgo&stick=H4sIAAAAAAAAAONgVuLUz9U3MLFMMzB9xGjCLfDyxz1hKe1Ja05eY1Tl4grOyC93zSvJLKkUEudig7J4pbi5ELp4FrHyhaX5KITn56QVJ5UWpecDANcXsVVVAAAA&ved=2ahUKEwj9tfzev5KNAxXPEEQIHVH_KIkQukt6BAgCEBU#sie=m;/g/11w22ljfb8;2;/m/037169;dt;fp;1;;;&wptab=si:APYL9bsdvePlUvFpoma5fMvhOQ6bvXM76DvGLQOhfQo6Zp3kxNoH6BKiFU3NUK-DDCMYUl50O50je6Y_pgRm3IpRsSlYbsKls-YEcu9yYUL2YnmVQ4YudYQ4Y_xxEGvPHR77C-QcPNH5WvlitVIR5ZYdbAZVVjsCyBYUl8hUordAwMHlLAh64vhuqEXscBSFnG8uy-tSLv96CZ5BH9gQFuela-iy8CcmHwuXE3JjvVW4M04B0Hd4Et8%3D
Hoffenheim,https://www.google.com/search?cs=1&sca_esv=e22de9d06ec1c45e&sxsrf=AHTn8zrsAtamIiVDwpaGbAioOP4ay104Ow:1746660265358&q=TSG+1899+Hoffenheim&stick=H4sIAAAAAAAAAONgVuLUz9U3SEo3SbN8xGjCLfDyxz1hKe1Ja05eY1Tl4grOyC93zSvJLKkUEudig7J4pbi5ELp4FrEKhwS7KxhaWFoqeOSnpaXmZaRm5gIACv5YWVoAAAA&ved=2ahUKEwiwyqLFwJKNAxVokO4BHb3YL-EQukt6BAgCEBY#sie=t;/m/0bg4f9;2;/m/037169;bbbs;hd;;;;2025-05-17T13:30:00Z&wptab=si:APYL9bsdvePlUvFpoma5fMvhOQ6bvXM76DvGLQOhfQo6Zp3kxNoH6BKiFU3NUK-DDCMYUl50O50je6Y_pgRm3IpRsSlYbsKls-YEcu9yYUL2YnmVQ4YudYQ4Y_xxEGvPHR77C-QcPNH5WvlitVIR5ZYdbAZVZ3q3x8pvhRr042hpCMXp1al-Q7WyGBVbN8h9CjQhZczZOnGN_M-EpT-Lpb7lnsN4SzrDTOOgsR7bdEzyW2SsL4j3Nrc%3D,https://www.google.com/search?cs=1&sca_esv=e22de9d06ec1c45e&sxsrf=AHTn8zrsAtamIiVDwpaGbAioOP4ay104Ow:1746660265358&q=TSG+1899+Hoffenheim&stick=H4sIAAAAAAAAAONgVuLUz9U3SEo3SbN8xGjCLfDyxz1hKe1Ja05eY1Tl4grOyC93zSvJLKkUEudig7J4pbi5ELp4FrEKhwS7KxhaWFoqeOSnpaXmZaRm5gIACv5YWVoAAAA&ved=2ahUKEwiwyqLFwJKNAxVokO4BHb3YL-EQukt6BAgCEBY#sie=m;/g/11w22k6_69;2;/m/037169;dt;fp;1;;;&wptab=si:APYL9bsdvePlUvFpoma5fMvhOQ6bvXM76DvGLQOhfQo6Zp3kxNoH6BKiFU3NUK-DDCMYUl50O50je6Y_pgRm3IpRsSlYbsKls-YEcu9yYUL2YnmVQ4YudYQ4Y_xxEGvPHR77C-QcPNH5WvlitVIR5ZYdbAZVZ3q3x8pvhRr042hpCMXp1al-Q7WyGBVbN8h9CjQhZczZOnGN_M-EpT-Lpb7lnsN4SzrDTOOgsR7bdEzyW2SsL4j3Nrc%3D
KSV Holstein,https://www.google.com/search?q=holstein+kiel+partidos&sca_esv=3b2b175335649ca1&cs=1&sxsrf=AHTn8zqiJRweJgjTua_BQ8yN82Po9WZ2DA%3A1746666469809&ei=5QMcaNmaMfiFwbkP3buAiAg&oq=Holstein+Kiel&gs_lp=Egxnd3Mtd2l6LXNlcnAiDUhvbHN0ZWluIEtpZWwqAggBMgoQABiwAxjWBBhHMgoQABiwAxjWBBhHMgoQABiwAxjWBBhHMgoQABiwAxjWBBhHMgoQABiwAxjWBBhHMgoQABiwAxjWBBhHMgoQABiwAxjWBBhHMgoQABiwAxjWBBhHMg0QABiABBiwAxhDGIoFMg0QABiABBiwAxhDGIoFMg0QLhiABBiwAxhDGIoFMg0QABiABBiwAxhDGIoFMhMQLhiABBiwAxhDGMgDGIoF2AEBMhMQLhiABBiwAxhDGMgDGIoF2AEBMhMQLhiABBiwAxhDGMgDGIoF2AEBMhMQLhiABBiwAxhDGMgDGIoF2AEBMhMQLhiABBiwAxhDGMgDGIoF2AEBMhkQLhiABBiwAxhDGMcBGMgDGIoFGK8B2AEBMhMQLhiABBiwAxhDGMgDGIoF2AEBMhMQLhiABBiwAxhDGMgDGIoF2AEBSI4IUABYAHABeAGQAQCYAQCgAQCqAQC4AQHIAQCYAgGgAgWYAwCIBgGQBhS6BgYIARABGAiSBwExoAcAsgcAuAcA&sclient=gws-wiz-serp#sie=t;/m/0b8l4y;2;/m/037169;bs;hd;;;;2025-05-10T13:30:00Z,https://www.google.com/search?q=holstein+kiel+partidos&sca_esv=3b2b175335649ca1&cs=1&sxsrf=AHTn8zqiJRweJgjTua_BQ8yN82Po9WZ2DA%3A1746666469809&ei=5QMcaNmaMfiFwbkP3buAiAg&oq=Holstein+Kiel&gs_lp=Egxnd3Mtd2l6LXNlcnAiDUhvbHN0ZWluIEtpZWwqAggBMgoQABiwAxjWBBhHMgoQABiwAxjWBBhHMgoQABiwAxjWBBhHMgoQABiwAxjWBBhHMgoQABiwAxjWBBhHMgoQABiwAxjWBBhHMgoQABiwAxjWBBhHMgoQABiwAxjWBBhHMg0QABiABBiwAxhDGIoFMg0QABiABBiwAxhDGIoFMg0QLhiABBiwAxhDGIoFMg0QABiABBiwAxhDGIoFMhMQLhiABBiwAxhDGMgDGIoF2AEBMhMQLhiABBiwAxhDGMgDGIoF2AEBMhMQLhiABBiwAxhDGMgDGIoF2AEBMhMQLhiABBiwAxhDGMgDGIoF2AEBMhMQLhiABBiwAxhDGMgDGIoF2AEBMhkQLhiABBiwAxhDGMcBGMgDGIoFGK8B2AEBMhMQLhiABBiwAxhDGMgDGIoF2AEBMhMQLhiABBiwAxhDGMgDGIoF2AEBSI4IUABYAHABeAGQAQCYAQCgAQCqAQC4AQHIAQCYAgGgAgWYAwCIBgGQBhS6BgYIARABGAiSBwExoAcAsgcAuAcA&sclient=gws-wiz-serp#sie=m;/g/11w4bwy78q;2;/m/037169;dt;fp;1;;;
RB Leipzig,https://www.google.com/search?q=leipzig+vs&oq=lei&gs_lcrp=EgZjaHJvbWUqDAgDEAAYQxiABBiKBTIGCAAQRRg5Mg8IARAuGEMYsQMYgAQYigUyDwgCEC4YQxixAxiABBiKBTIMCAMQABhDGIAEGIoFMgwIBBAAGEMYgAQYigUyDQgFEC4Y1AIYsQMYgAQyDAgGEAAYQxiABBiKBTIGCAcQRRhB0gEIMzI1N2owajmoAgCwAgA&sourceid=chrome&ie=UTF-8#sie=t;/m/065zf3p;2;/m/037169;bbbs;hd;;;;2025-05-17T13:30:00Z&wptab=si:APYL9buA3KKcsw3wGt-6FjQ-zfm_3HpmSoBelfkO9MczsxsNbSvfXD13dQHjEy9zxNMNCOtEtfLETNyn-36sazRfBea35jMUr18heGeCzeWGIgYpe1IIdZmsCkHPYvcNz4H7hlLYbRK3Uk4-73EHUDZvODASWp5TvbRwTRthESmIvho8a0lpdOYqaucgQsfXuljEPxw5iTtbeSV4kLHKxg_QxTChJaHfJwmV0zUn0na4L4wI4ZIeq_8%3D,https://www.google.com/search?q=leipzig+vs&oq=lei&gs_lcrp=EgZjaHJvbWUqDAgDEAAYQxiABBiKBTIGCAAQRRg5Mg8IARAuGEMYsQMYgAQYigUyDwgCEC4YQxixAxiABBiKBTIMCAMQABhDGIAEGIoFMgwIBBAAGEMYgAQYigUyDQgFEC4Y1AIYsQMYgAQyDAgGEAAYQxiABBiKBTIGCAcQRRhB0gEIMzI1N2owajmoAgCwAgA&sourceid=chrome&ie=UTF-8#sie=m;/g/11w4bx05hy;2;/m/037169;dt;fp;1;;;&wptab=si:APYL9buA3KKcsw3wGt-6FjQ-zfm_3HpmSoBelfkO9MczsxsNbSvfXD13dQHjEy9zxNMNCOtEtfLETNyn-36sazRfBea35jMUr18heGeCzeWGIgYpe1IIdZmsCkHPYvcNz4H7hlLYbRK3Uk4-73EHUDZvODASWp5TvbRwTRthESmIvho8a0lpdOYqaucgQsfXuljEPxw5iTtbeSV4kLHKxg_QxTChJaHfJwmV0zUn0na4L4wI4ZIeq_8%3D
Mönchengladbach,https://www.google.com/search?cs=1&sca_esv=482345221402daf0&sxsrf=AHTn8zqPHed3L4D1QUgusxbgIQNxZW-N1g:1746677842428&q=Borussia+M%C3%B6nchengladbach&stick=H4sIAAAAAAAAAONgVuLUz9U3MMwzMsl6xGjCLfDyxz1hKe1Ja05eY1Tl4grOyC93zSvJLKkUEudig7J4pbi5ELp4FrFKOuUXlRYXZyYq-B7elpeckZqXnpOYkpSYnAEAHvtbHmAAAAA&ved=2ahUKEwjKudWCgpONAxWLRDABHQ_2HOUQukt6BAgCEBY#sie=t;/m/01n24j;2;/m/037169;bbbs;hd;;;;2025-05-21T16:00:00Z&wptab=si:APYL9bsdvePlUvFpoma5fMvhOQ6bvXM76DvGLQOhfQo6Zp3kxNoH6BKiFU3NUK-DDCMYUl50O50je6Y_pgRm3IpRsSlYbsKls-YEcu9yYUL2YnmVQ4YudYQ4Y_xxEGvPHR77C-QcPNH5WvlitVIR5ZYdbAZVytPSnz-zltRW9tz2gzo1dV3wzw3zrTvBW3PCyF40Z-2aj2C6u7-PTss4EjohhfnInLg-Dm2l2W2hSWID6ZiDxhAGV9apNGY8KGAkwvTS1SabARta,https://www.google.com/search?cs=1&sca_esv=482345221402daf0&sxsrf=AHTn8zqPHed3L4D1QUgusxbgIQNxZW-N1g:1746677842428&q=Borussia+M%C3%B6nchengladbach&stick=H4sIAAAAAAAAAONgVuLUz9U3MMwzMsl6xGjCLfDyxz1hKe1Ja05eY1Tl4grOyC93zSvJLKkUEudig7J4pbi5ELp4FrFKOuUXlRYXZyYq-B7elpeckZqXnpOYkpSYnAEAHvtbHmAAAAA&ved=2ahUKEwjKudWCgpONAxWLRDABHQ_2HOUQukt6BAgCEBY#sie=m;/g/11w4bwy78q;2;/m/037169;dt;fp;1;;;&wptab=si:APYL9bsdvePlUvFpoma5fMvhOQ6bvXM76DvGLQOhfQo6Zp3kxNoH6BKiFU3NUK-DDCMYUl50O50je6Y_pgRm3IpRsSlYbsKls-YEcu9yYUL2YnmVQ4YudYQ4Y_xxEGvPHR77C-QcPNH5WvlitVIR5ZYdbAZVytPSnz-zltRW9tz2gzo1dV3wzw3zrTvBW3PCyF40Z-2aj2C6u7-PTss4EjohhfnInLg-Dm2l2W2hSWID6ZiDxhAGV9apNGY8KGAkwvTS1SabARta
Leverkusen,https://www.google.com/search?q=leverkusen&oq=lever&gs_lcrp=EgZjaHJvbWUqBwgBEAAYjwIyBggAEEUYOTIHCAEQABiPAjIHCAIQABiPAjIHCAMQABiPAtIBCDI2MTFqMGo3qAIAsAIA&sourceid=chrome&ie=UTF-8#sie=t;/m/02hzx8;2;/m/037169;bbbs;hd;;;;2025-05-17T13:30:00Z&wptab=si:APYL9bsdvePlUvFpoma5fMvhOQ6bvXM76DvGLQOhfQo6Zp3kxNoH6BKiFU3NUK-DDCMYUl50O50je6Y_pgRm3IpRsSlYbsKls-YEcu9yYUL2YnmVQ4YudYQ4Y_xxEGvPHR77C-QcPNH5WvlitVIR5ZYdbAZVkuK_wzcp2_9Zl_OkMysT8ogLNiH6XxpKNXr9PCg4x_uktjI7fh-qoQwOeSVbuLnjZag-FdDCNViRJWtvU_6sGULwWo4%3D,https://www.google.com/search?q=leverkusen&oq=lever&gs_lcrp=EgZjaHJvbWUqBwgBEAAYjwIyBggAEEUYOTIHCAEQABiPAjIHCAIQABiPAjIHCAMQABiPAtIBCDI2MTFqMGo3qAIAsAIA&sourceid=chrome&ie=UTF-8#sie=m;/g/11y66909rw;2;/m/037169;dt;fp;1;;;&wptab=si:APYL9bsdvePlUvFpoma5fMvhOQ6bvXM76DvGLQOhfQo6Zp3kxNoH6BKiFU3NUK-DDCMYUl50O50je6Y_pgRm3IpRsSlYbsKls-YEcu9yYUL2YnmVQ4YudYQ4Y_xxEGvPHR77C-QcPNH5WvlitVIR5ZYdbAZVkuK_wzcp2_9Zl_OkMysT8ogLNiH6XxpKNXr9PCg4x_uktjI7fh-qoQwOeSVbuLnjZag-FdDCNViRJWtvU_6sGULwWo4%3D
Frankfurt,https://www.google.com/search?sca_esv=c61ebc1baa0f629d&cs=1&sxsrf=AHTn8zrpruMpMIPApQlhyNg2s_qcIE9LZQ:1746761885451&q=Eintracht+Frankfurt&stick=H4sIAAAAAAAAAONgVuLUz9U3MM5KMsp7xGjCLfDyxz1hKe1Ja05eY1Tl4grOyC93zSvJLKkUEudig7J4pbi5ELp4FrEKu2bmlRQlJmeUKLgVJeZlp5UWlQAAs3XxvloAAAA&ved=2ahUKEwjKisCNu5WNAxXmD1kFHa2FPPUQukt6BAgCEBU#sie=t;/m/03jb2n;2;/m/037169;bbbs;hd;;;;2025-08-02T21:30:00Z&wptab=si:APYL9bsdvePlUvFpoma5fMvhOQ6bvXM76DvGLQOhfQo6Zp3kxNoH6BKiFU3NUK-DDCMYUl50O50je6Y_pgRm3IpRsSlYbsKls-YEcu9yYUL2YnmVQ4YudYQ4Y_xxEGvPHR77C-QcPNH5WvlitVIR5ZYdbAZV5t7H-ZRbxAneEtMovf84h-xKdJhw9bwz7EpxnzQ8dP03zOHvdgc92V0KY0tL_V8i_DwLEo57rBqfFAVQr9Y66FxPaUA%3D,https://www.google.com/search?sca_esv=c61ebc1baa0f629d&cs=1&sxsrf=AHTn8zrpruMpMIPApQlhyNg2s_qcIE9LZQ:1746761885451&q=Eintracht+Frankfurt&stick=H4sIAAAAAAAAAONgVuLUz9U3MM5KMsp7xGjCLfDyxz1hKe1Ja05eY1Tl4grOyC93zSvJLKkUEudig7J4pbi5ELp4FrEKu2bmlRQlJmeUKLgVJeZlp5UWlQAAs3XxvloAAAA&ved=2ahUKEwjKisCNu5WNAxXmD1kFHa2FPPUQukt6BAgCEBU#sie=m;/g/11y668tnxh;2;/m/037169;dt;fp;1;;;&wptab=si:APYL9bsdvePlUvFpoma5fMvhOQ6bvXM76DvGLQOhfQo6Zp3kxNoH6BKiFU3NUK-DDCMYUl50O50je6Y_pgRm3IpRsSlYbsKls-YEcu9yYUL2YnmVQ4YudYQ4Y_xxEGvPHR77C-QcPNH5WvlitVIR5ZYdbAZV5t7H-ZRbxAneEtMovf84h-xKdJhw9bwz7EpxnzQ8dP03zOHvdgc92V0KY0tL_V8i_DwLEo57rBqfFAVQr9Y66FxPaUA%3D
St. Pauli,https://www.google.com/search?cs=1&sca_esv=c61ebc1baa0f629d&sxsrf=AHTn8zrKOFthJWOluUdcf0YSC-zxTVfU1Q:1746762044334&q=FC+St.+Pauli&stick=H4sIAAAAAAAAAONgVuLUz9U3MM5JMjd7xGjCLfDyxz1hKe1Ja05eY1Tl4grOyC93zSvJLKkUEudig7J4pbi5ELp4FrHyuDkrBJfoKQQkluZkAgCBEqwwUwAAAA&ved=2ahUKEwj10KHZu5WNAxU2ElkFHVSTEF4Qukt6BAgCEBY#sie=t;/m/03lb76;2;/m/037169;bbbs;hd;;;;2025-05-17T13:30:00Z&wptab=si:APYL9bsdvePlUvFpoma5fMvhOQ6bvXM76DvGLQOhfQo6Zp3kxNoH6BKiFU3NUK-DDCMYUl50O50je6Y_pgRm3IpRsSlYbsKls-YEcu9yYUL2YnmVQ4YudYQ4Y_xxEGvPHR77C-QcPNH5WvlitVIR5ZYdbAZVLzd-hUX0gSY8M9XcYh5106dS58oT2nJBhhSpGFVXq1X9yerAPlQwo1kKWYv_N4UBc-CNoAKabzLqrkkzLyZ9J_guvWI%3D,https://www.google.com/search?cs=1&sca_esv=c61ebc1baa0f629d&sxsrf=AHTn8zrKOFthJWOluUdcf0YSC-zxTVfU1Q:1746762044334&q=FC+St.+Pauli&stick=H4sIAAAAAAAAAONgVuLUz9U3MM5JMjd7xGjCLfDyxz1hKe1Ja05eY1Tl4grOyC93zSvJLKkUEudig7J4pbi5ELp4FrHyuDkrBJfoKQQkluZkAgCBEqwwUwAAAA&ved=2ahUKEwj10KHZu5WNAxU2ElkFHVSTEF4Qukt6BAgCEBY#sie=m;/g/11w4bx3m0d;2;/m/037169;dt;fp;1;;;&wptab=si:APYL9bsdvePlUvFpoma5fMvhOQ6bvXM76DvGLQOhfQo6Zp3kxNoH6BKiFU3NUK-DDCMYUl50O50je6Y_pgRm3IpRsSlYbsKls-YEcu9yYUL2YnmVQ4YudYQ4Y_xxEGvPHR77C-QcPNH5WvlitVIR5ZYdbAZVLzd-hUX0gSY8M9XcYh5106dS58oT2nJBhhSpGFVXq1X9yerAPlQwo1kKWYv_N4UBc-CNoAKabzLqrkkzLyZ9J_guvWI%3D
Stuttgart,https://www.google.com/search?sca_esv=c61ebc1baa0f629d&cs=1&sxsrf=AHTn8zo7XDCiMkQzrIam0SkfESNKvWD_6Q:1746762447116&q=VfB+Stuttgart&stick=H4sIAAAAAAAAAONgVuLUz9U3MDY3LEp6xGjCLfDyxz1hKe1Ja05eY1Tl4grOyC93zSvJLKkUEudig7J4pbi5ELp4FrHyhqU5KQSXlJaUpCcWlQAAOLqz5FQAAAA&ved=2ahUKEwjf6qmZvZWNAxVygoQIHZydFcUQukt6BAgCEBU#sie=t;/m/0371rb;2;/m/037169;bbbs;hd;;;;2025-05-24T18:00:00Z&wptab=si:APYL9bsdvePlUvFpoma5fMvhOQ6bvXM76DvGLQOhfQo6Zp3kxNoH6BKiFU3NUK-DDCMYUl50O50je6Y_pgRm3IpRsSlYbsKls-YEcu9yYUL2YnmVQ4YudYQ4Y_xxEGvPHR77C-QcPNH5WvlitVIR5ZYdbAZViIj968Q-V4f5359jXZfYEIPPNY36omH-G0cjff-kbRhZ1I3YA_FSp39ouscXGnKl-jlfQPa9HQ40sN8lvZdQTxLDeGw%3D,https://www.google.com/search?sca_esv=c61ebc1baa0f629d&cs=1&sxsrf=AHTn8zo7XDCiMkQzrIam0SkfESNKvWD_6Q:1746762447116&q=VfB+Stuttgart&stick=H4sIAAAAAAAAAONgVuLUz9U3MDY3LEp6xGjCLfDyxz1hKe1Ja05eY1Tl4grOyC93zSvJLKkUEudig7J4pbi5ELp4FrHyhqU5KQSXlJaUpCcWlQAAOLqz5FQAAAA&ved=2ahUKEwjf6qmZvZWNAxVygoQIHZydFcUQukt6BAgCEBU#sie=m;/g/11w4bx3m0d;2;/m/037169;dt;fp;1;;;&wptab=si:APYL9bsdvePlUvFpoma5fMvhOQ6bvXM76DvGLQOhfQo6Zp3kxNoH6BKiFU3NUK-DDCMYUl50O50je6Y_pgRm3IpRsSlYbsKls-YEcu9yYUL2YnmVQ4YudYQ4Y_xxEGvPHR77C-QcPNH5WvlitVIR5ZYdbAZViIj968Q-V4f5359jXZfYEIPPNY36omH-G0cjff-kbRhZ1I3YA_FSp39ouscXGnKl-jlfQPa9HQ40sN8lvZdQTxLDeGw%3D
Augsburgo,https://www.google.com/search?cs=1&sca_esv=c61ebc1baa0f629d&sxsrf=AHTn8zqizFqS-rZ1xSoNDn-TySVDFmzptw:1746762691323&q=F.+C.+Augsburgo&stick=H4sIAAAAAAAAAONgVuLUz9U3sEwuSyp8xGjCLfDyxz1hKe1Ja05eY1Tl4grOyC93zSvJLKkUEudig7J4pbi5ELp4FrHyu-kpOOspOJamFyeVFqXnAwDY1C0_VgAAAA&ved=2ahUKEwjc9uKNvpWNAxWqRDABHToeAH4Qukt6BAgCEBY#sie=t;/m/09cvbq;2;/m/037169;bbbs;hd;;;;2025-05-17T13:30:00Z&wptab=si:APYL9bsdvePlUvFpoma5fMvhOQ6bvXM76DvGLQOhfQo6Zp3kxNoH6BKiFU3NUK-DDCMYUl50O50je6Y_pgRm3IpRsSlYbsKls-YEcu9yYUL2YnmVQ4YudYQ4Y_xxEGvPHR77C-QcPNH5WvlitVIR5ZYdbAZVv9GX6uY-Tq9fI2XjMVbQP1GlPeOgidj77J3bAN6Hz_3Xk6wEnmtxBYPN_2acECEH1jTVN9mfYIFV5YiEPG_8Q2BVDxU%3D,https://www.google.com/search?cs=1&sca_esv=c61ebc1baa0f629d&sxsrf=AHTn8zqizFqS-rZ1xSoNDn-TySVDFmzptw:1746762691323&q=F.+C.+Augsburgo&stick=H4sIAAAAAAAAAONgVuLUz9U3sEwuSyp8xGjCLfDyxz1hKe1Ja05eY1Tl4grOyC93zSvJLKkUEudig7J4pbi5ELp4FrHyu-kpOOspOJamFyeVFqXnAwDY1C0_VgAAAA&ved=2ahUKEwjc9uKNvpWNAxWqRDABHToeAH4Qukt6BAgCEBY#sie=m;/g/11y668s6fy;2;/m/037169;dt;fp;1;;;&wptab=si:APYL9bsdvePlUvFpoma5fMvhOQ6bvXM76DvGLQOhfQo6Zp3kxNoH6BKiFU3NUK-DDCMYUl50O50je6Y_pgRm3IpRsSlYbsKls-YEcu9yYUL2YnmVQ4YudYQ4Y_xxEGvPHR77C-QcPNH5WvlitVIR5ZYdbAZVv9GX6uY-Tq9fI2XjMVbQP1GlPeOgidj77J3bAN6Hz_3Xk6wEnmtxBYPN_2acECEH1jTVN9mfYIFV5YiEPG_8Q2BVDxU%3D
Ceará,https://www.google.com/search?sca_esv=c95f54241bee1759&cs=1&sxsrf=AHTn8zqJLxh_jJTtrHof21kqSvQc36YFmA:1747455344264&q=Cear%C3%A1+Sporting+Club&stick=H4sIAAAAAAAAAONgVuLUz9U3MC3PSc97xGjCLfDyxz1hKe1Ja05eY1Tl4grOyC93zSvJLKkUEudig7J4pbi5ELp4FrGKOKcmFh1eqBBckF9UkpmXruCcU5oEAPoAbGlbAAAA&ved=2ahUKEwino7e40qmNAxWbSjABHWgoM7QQukt6BAgCEAo#sie=t;/m/05wlgn;2;/m/0fnk7q;bbbs;hd;;;;2025-12-21T12:00:00Z&wptab=si:AMgyJEsE-G7y0rTWzqlNG2GzIAm8kgSdMFRrzlF2sZ_XYkLUH_IhXM5xC2YnC-WhQS_PCIUFZRm1g8PnLvXExVYUGgTdclAQpRapSJvZ5l5B6sGoe3n5fgIPeCHgY6D5EywuaNheAmBjbyKpC1VTLtud9ETqBK1PRpfYGnepxtYhi93ngBgmlQGcg4E9-m4J9w1VlrFjp9nu7IQ3pc23wdZ3G9rA2jSMaopVPUfHzMvXgIGwK3OOnyA%3D,https://www.google.com/search?sca_esv=c95f54241bee1759&cs=1&sxsrf=AHTn8zqJLxh_jJTtrHof21kqSvQc36YFmA:1747455344264&q=Cear%C3%A1+Sporting+Club&stick=H4sIAAAAAAAAAONgVuLUz9U3MC3PSc97xGjCLfDyxz1hKe1Ja05eY1Tl4grOyC93zSvJLKkUEudig7J4pbi5ELp4FrGKOKcmFh1eqBBckF9UkpmXruCcU5oEAPoAbGlbAAAA&ved=2ahUKEwino7e40qmNAxWbSjABHWgoM7QQukt6BAgCEAo#sie=m;/g/11x053rxxs;2;/m/0fnk7q;dt;fp;1;;;&wptab=si:AMgyJEsE-G7y0rTWzqlNG2GzIAm8kgSdMFRrzlF2sZ_XYkLUH_IhXM5xC2YnC-WhQS_PCIUFZRm1g8PnLvXExVYUGgTdclAQpRapSJvZ5l5B6sGoe3n5fgIPeCHgY6D5EywuaNheAmBjbyKpC1VTLtud9ETqBK1PRpfYGnepxtYhi93ngBgmlQGcg4E9-m4J9w1VlrFjp9nu7IQ3pc23wdZ3G9rA2jSMaopVPUfHzMvXgIGwK3OOnyA%3D
Le Havre,https://www.google.com/search?cs=1&sca_esv=931f9483f46eed25&sxsrf=AHTn8zp3Cp5KQTL2IKSN1MZmbG3geUW8Fw:1747495397818&q=Le+Havre+Athletic+Club+Football+Association&stick=H4sIAAAAAAAAAONgVuLUz9U3sCwuKbR8xGjCLfDyxz1hKe1Ja05eY1Tl4grOyC93zSvJLKkUEudig7J4pbi5ELp4FrFq-6QqeCSWFaUqOJZk5KSWZCYrOOeUJim45eeXJCXm5Cg4FhfnJ2cmlmTm5wEA0bG-hnIAAAA&ved=2ahUKEwjzirrT56qNAxVsIkQIHXeNF2wQukt6BAgCEBY#sie=t;/m/09stq9;2;/m/044hxl;bbbs;hd;;;;2025-05-17T19:00:00Z&wptab=si:APYL9bsdvePlUvFpoma5fMvhOQ6bvXM76DvGLQOhfQo6Zp3kxNoH6BKiFU3NUK-DDCMYUl50O50je6Y_pgRm3IpRsSlYbsKls-YEcu9yYUL2YnmVQ4YudYQ4Y_xxEGvPHR77C-QcPNH5WvlitVIR5ZYdbAZVed0GuJmf_A6KBcGuXeRvM9ToHMv0H_uKpp1SUn_CkP3sOqkmHYcZ9CyxWRNoKKrFT0GFMO0BDplesjOv8hn9yoBeubQaUONXIXPukBOJ4SBQXSdL,https://www.google.com/search?cs=1&sca_esv=931f9483f46eed25&sxsrf=AHTn8zp3Cp5KQTL2IKSN1MZmbG3geUW8Fw:1747495397818&q=Le+Havre+Athletic+Club+Football+Association&stick=H4sIAAAAAAAAAONgVuLUz9U3sCwuKbR8xGjCLfDyxz1hKe1Ja05eY1Tl4grOyC93zSvJLKkUEudig7J4pbi5ELp4FrFq-6QqeCSWFaUqOJZk5KSWZCYrOOeUJim45eeXJCXm5Cg4FhfnJ2cmlmTm5wEA0bG-hnIAAAA&ved=2ahUKEwjzirrT56qNAxVsIkQIHXeNF2wQukt6BAgCEBY#sie=m;/g/11y5qbfmms;2;/m/044hxl;dt;fp;1;;;&wptab=si:APYL9bsdvePlUvFpoma5fMvhOQ6bvXM76DvGLQOhfQo6Zp3kxNoH6BKiFU3NUK-DDCMYUl50O50je6Y_pgRm3IpRsSlYbsKls-YEcu9yYUL2YnmVQ4YudYQ4Y_xxEGvPHR77C-QcPNH5WvlitVIR5ZYdbAZVed0GuJmf_A6KBcGuXeRvM9ToHMv0H_uKpp1SUn_CkP3sOqkmHYcZ9CyxWRNoKKrFT0GFMO0BDplesjOv8hn9yoBeubQaUONXIXPukBOJ4SBQXSdL
Stade Brestois,https://www.google.com/search?cs=1&sca_esv=861d6c36a75495fa&sxsrf=AHTn8zr4AIHT9hP40iolxwwnEjqFXtmZUg:1747497076828&q=Stade+Brestois+29&stick=H4sIAAAAAAAAAONgVuLUz9U3SKosNMt4xGjCLfDyxz1hKe1Ja05eY1Tl4grOyC93zSvJLKkUEudig7J4pbi5ELp4FrEKBpckpqQqOBWlFpfkZxYrGFkCAIGDDpBYAAAA&ved=2ahUKEwjK5Yj07aqNAxWhIkQIHRehJHUQukt6BAgCEBY#sie=t;/m/0byq6h;2;/m/044hxl;bbbs;hd;;;;2025-05-17T19:00:00Z&wptab=si:APYL9bsdvePlUvFpoma5fMvhOQ6bvXM76DvGLQOhfQo6Zp3kxNoH6BKiFU3NUK-DDCMYUl50O50je6Y_pgRm3IpRsSlYbsKls-YEcu9yYUL2YnmVQ4YudYQ4Y_xxEGvPHR77C-QcPNH5WvlitVIR5ZYdbAZV_4nifMrt_txNt7cE9ZrV9zxEqHaupBXYtNapsL0MFr1EDhC7v6ELznnzkq5FlWkApMhlrZMMeX2oANgrJKIdYgPD-mU%3D,https://www.google.com/search?cs=1&sca_esv=861d6c36a75495fa&sxsrf=AHTn8zr4AIHT9hP40iolxwwnEjqFXtmZUg:1747497076828&q=Stade+Brestois+29&stick=H4sIAAAAAAAAAONgVuLUz9U3SKosNMt4xGjCLfDyxz1hKe1Ja05eY1Tl4grOyC93zSvJLKkUEudig7J4pbi5ELp4FrEKBpckpqQqOBWlFpfkZxYrGFkCAIGDDpBYAAAA&ved=2ahUKEwjK5Yj07aqNAxWhIkQIHRehJHUQukt6BAgCEBY#sie=m;/g/11w1lqrj69;2;/m/044hxl;dt;fp;1;;;&wptab=si:APYL9bsdvePlUvFpoma5fMvhOQ6bvXM76DvGLQOhfQo6Zp3kxNoH6BKiFU3NUK-DDCMYUl50O50je6Y_pgRm3IpRsSlYbsKls-YEcu9yYUL2YnmVQ4YudYQ4Y_xxEGvPHR77C-QcPNH5WvlitVIR5ZYdbAZV_4nifMrt_txNt7cE9ZrV9zxEqHaupBXYtNapsL0MFr1EDhC7v6ELznnzkq5FlWkApMhlrZMMeX2oANgrJKIdYgPD-mU%3D
Atalanta,https://www.google.com/search?q=partidos+de+atalanta&cs=1&sca_esv=931f9483f46eed25&sxsrf=AHTn8zp7UMDrn8ZB4nKM65PsZCOwrSpwGw%3A1747496782289&ei=Tq8oaOi4EfHlkvQPlaKquQw&ved=2ahUKEwiKn56m7qqNAxVPTjABHRHmA-oQyNoBKAB6BAgSEAA&uact=5&si=APYL9bsdvePlUvFpoma5fMvhOQ6bvXM76DvGLQOhfQo6Zp3kxNoH6BKiFU3NUK-DDCMYUl50O50je6Y_pgRm3IpRsSlYbsKls-YEcu9yYUL2YnmVQ4YudYQ4Y_xxEGvPHR77C-QcPNH5WvlitVIR5ZYdbAZVJP_hWfD4Nt0HTc2WGD0tibaGQ94uqN9MNGXsxnQEjli7meFHNHVOfplWTPFRMkxzhJy1VBOMTgmPR-amKbu9UkqKh08%3D&ictx=1#sie=t;/m/01dwyd;2;/m/03zv9;bbbs;hd;;;;2025-05-25T13:00:00Z,https://www.google.com/search?q=partidos+de+atalanta&cs=1&sca_esv=931f9483f46eed25&sxsrf=AHTn8zp7UMDrn8ZB4nKM65PsZCOwrSpwGw%3A1747496782289&ei=Tq8oaOi4EfHlkvQPlaKquQw&ved=2ahUKEwiKn56m7qqNAxVPTjABHRHmA-oQyNoBKAB6BAgSEAA&uact=5&si=APYL9bsdvePlUvFpoma5fMvhOQ6bvXM76DvGLQOhfQo6Zp3kxNoH6BKiFU3NUK-DDCMYUl50O50je6Y_pgRm3IpRsSlYbsKls-YEcu9yYUL2YnmVQ4YudYQ4Y_xxEGvPHR77C-QcPNH5WvlitVIR5ZYdbAZVJP_hWfD4Nt0HTc2WGD0tibaGQ94uqN9MNGXsxnQEjli7meFHNHVOfplWTPFRMkxzhJy1VBOMTgmPR-amKbu9UkqKh08%3D&ictx=1#sie=m;/g/11y667js15;2;/m/03zv9;dt;fp;1;;;
Botafogo,https://www.google.com/search?sca_esv=0c973f6981abe047&cs=1&sxsrf=AE3TifO5oYwBt4K_ahWtzVjpB_LdYXMKdg:1756526254912&q=Botafogo+de+Futebol+e+Regatas&stick=H4sIAAAAAAAAAONgVuLUz9U3MLTMKUl_xGjCLfDyxz1hKe1Ja05eY1Tl4grOyC93zSvJLKkUEudig7J4pbi5ELp4FrHKOuWXJKblp-crpKQquJWWpCbl5yikKgSlpieWJBYDALmzV5ZkAAAA&ved=2ahUKEwjz9deb0rGPAxWtSzABHTgaJgwQukt6BAgCEBU#sie=t;/m/019ltg;2;/m/0fnk7q;bbbs;hd;;;;2025-12-21T12:00:00Z&wptab=si:AMgyJEsE-G7y0rTWzqlNG2GzIAm8kgSdMFRrzlF2sZ_XYkLUH_IhXM5xC2YnC-WhQS_PCIUFZRm1g8PnLvXExVYUGgTdclAQpRapSJvZ5l5B6sGoe3n5fgIPeCHgY6D5EywuaNheAmBjbyKpC1VTLtud9ETqQbe7MSgMaWOZh9rE0kW3vnkPTfBibejP6v7Bi-joZdO-ziqQxWNiydtEj27rYunn-yMw8l4bix6G6hS0scm8WszD5EM%3D,https://www.google.com/search?sca_esv=0c973f6981abe047&cs=1&sxsrf=AE3TifO5oYwBt4K_ahWtzVjpB_LdYXMKdg:1756526254912&q=Botafogo+de+Futebol+e+Regatas&stick=H4sIAAAAAAAAAONgVuLUz9U3MLTMKUl_xGjCLfDyxz1hKe1Ja05eY1Tl4grOyC93zSvJLKkUEudig7J4pbi5ELp4FrHKOuWXJKblp-crpKQquJWWpCbl5yikKgSlpieWJBYDALmzV5ZkAAAA&ved=2ahUKEwjz9deb0rGPAxWtSzABHTgaJgwQukt6BAgCEBU#sie=m;/g/11l_5jp72c;2;/m/0fnk7q;dt;fp;1;;;&wptab=si:AMgyJEsE-G7y0rTWzqlNG2GzIAm8kgSdMFRrzlF2sZ_XYkLUH_IhXM5xC2YnC-WhQS_PCIUFZRm1g8PnLvXExVYUGgTdclAQpRapSJvZ5l5B6sGoe3n5fgIPeCHgY6D5EywuaNheAmBjbyKpC1VTLtud9ETqQbe7MSgMaWOZh9rE0kW3vnkPTfBibejP6v7Bi-joZdO-ziqQxWNiydtEj27rYunn-yMw8l4bix6G6hS0scm8WszD5EM%3D
Bragantino,https://www.google.com/search?cs=1&sca_esv=0c973f6981abe047&sxsrf=AE3TifNVFlxOH2rlilEfiiVT6UrhLbKQgQ:1756526297806&q=Red+Bull+Bragantino&stick=H4sIAAAAAAAAAONgVuLUz9U3MDOsMMh4xGjCLfDyxz1hKe1Ja05eY1Tl4grOyC93zSvJLKkUEudig7J4pbi5ELp4FrEKB6WmKDiV5uQoOBUlpicCVeXlAwArdvRfWgAAAA&ved=2ahUKEwiKjZKw0rGPAxV3RjABHVEWDT8Qukt6BAgCEBY#sie=t;/m/061x0h;2;/m/0fnk7q;bbbs;hd;;;;2025-12-21T12:00:00Z&wptab=si:AMgyJEsE-G7y0rTWzqlNG2GzIAm8kgSdMFRrzlF2sZ_XYkLUH_IhXM5xC2YnC-WhQS_PCIUFZRm1g8PnLvXExVYUGgTdclAQpRapSJvZ5l5B6sGoe3n5fgIPeCHgY6D5EywuaNheAmBjbyKpC1VTLtud9ETq7GPkfqqScPV15Bb9nokWDvUqjfKBAFbTBDKZg3BJAbViZcsFYRrINGKnf5P3uGMyBrQFdstaAbY05jBkZU9pDBC90w4%3D,https://www.google.com/search?cs=1&sca_esv=0c973f6981abe047&sxsrf=AE3TifNVFlxOH2rlilEfiiVT6UrhLbKQgQ:1756526297806&q=Red+Bull+Bragantino&stick=H4sIAAAAAAAAAONgVuLUz9U3MDOsMMh4xGjCLfDyxz1hKe1Ja05eY1Tl4grOyC93zSvJLKkUEudig7J4pbi5ELp4FrEKB6WmKDiV5uQoOBUlpicCVeXlAwArdvRfWgAAAA&ved=2ahUKEwiKjZKw0rGPAxV3RjABHVEWDT8Qukt6BAgCEBY#sie=m;/g/11l_5jk2dw;2;/m/0fnk7q;dt;fp;1;;;&wptab=si:AMgyJEsE-G7y0rTWzqlNG2GzIAm8kgSdMFRrzlF2sZ_XYkLUH_IhXM5xC2YnC-WhQS_PCIUFZRm1g8PnLvXExVYUGgTdclAQpRapSJvZ5l5B6sGoe3n5fgIPeCHgY6D5EywuaNheAmBjbyKpC1VTLtud9ETq7GPkfqqScPV15Bb9nokWDvUqjfKBAFbTBDKZg3BJAbViZcsFYRrINGKnf5P3uGMyBrQFdstaAbY05jBkZU9pDBC90w4%3D
Cruzeiro,https://www.google.com/search?sca_esv=0c973f6981abe047&cs=1&sxsrf=AE3TifOYngyeP5K16Je71t8H3oDFO_mqaA:1756530826301&q=Cruzeiro+Esporte+Clube&stick=H4sIAAAAAAAAAONgVuLUz9U3MLTMNTN4xGjCLfDyxz1hKe1Ja05eY1Tl4grOyC93zSvJLKkUEudig7J4pbi5ELp4FrGKOReVVqVmFuUruBYX5BeVpCo455QmpQIAJkTcL10AAAA&ved=2ahUKEwi1ub-f47GPAxWBSTABHUKLNasQukt6BAgCEBU#sie=t;/m/019m60;2;/m/0fnk7q;bbbs;hd;;;;2025-12-21T12:00:00Z&wptab=si:AMgyJEsE-G7y0rTWzqlNG2GzIAm8kgSdMFRrzlF2sZ_XYkLUH_IhXM5xC2YnC-WhQS_PCIUFZRm1g8PnLvXExVYUGgTdclAQpRapSJvZ5l5B6sGoe3n5fgIPeCHgY6D5EywuaNheAmBjbyKpC1VTLtud9ETqVsTmQc1qjoXFKqYdcmn_9JGDkQJyrE2HdkaWkHAZZYjE6ozdd5r9KEKcEOyArJDTzTMaqEl4pKrce36BwXfjpbR-BuQ%3D,https://www.google.com/search?sca_esv=0c973f6981abe047&cs=1&sxsrf=AE3TifOYngyeP5K16Je71t8H3oDFO_mqaA:1756530826301&q=Cruzeiro+Esporte+Clube&stick=H4sIAAAAAAAAAONgVuLUz9U3MLTMNTN4xGjCLfDyxz1hKe1Ja05eY1Tl4grOyC93zSvJLKkUEudig7J4pbi5ELp4FrGKOReVVqVmFuUruBYX5BeVpCo455QmpQIAJkTcL10AAAA&ved=2ahUKEwi1ub-f47GPAxWBSTABHUKLNasQukt6BAgCEBU#sie=m;/g/11x2lnx6z8;2;/m/0fnk7q;dt;fp;1;;;&wptab=si:AMgyJEsE-G7y0rTWzqlNG2GzIAm8kgSdMFRrzlF2sZ_XYkLUH_IhXM5xC2YnC-WhQS_PCIUFZRm1g8PnLvXExVYUGgTdclAQpRapSJvZ5l5B6sGoe3n5fgIPeCHgY6D5EywuaNheAmBjbyKpC1VTLtud9ETqVsTmQc1qjoXFKqYdcmn_9JGDkQJyrE2HdkaWkHAZZYjE6ozdd5r9KEKcEOyArJDTzTMaqEl4pKrce36BwXfjpbR-BuQ%3D
São Paulo,https://www.google.com/search?q=sao+paulo+fc&oq=sao+paulo+fc&gs_lcrp=EgZjaHJvbWUqFwgAEAAYQxhGGP0BGOMCGLEDGIAEGIoFMhcIABAAGEMYRhj9ARjjAhixAxiABBiKBTIPCAEQLhhDGLEDGIAEGIoFMgwIAhAAGBQYhwIYgAQyDAgDEAAYFBiHAhiABDIHCAQQABiABDIHCAUQLhiABDIHCAYQABiABDIHCAcQABiABDIHCAgQABiABDIHCAkQABiABNIBCDM0MTlqMGo5qAIAsAIA&sourceid=chrome&ie=UTF-8#sie=t;/m/019m42;2;/m/0fnk7q;bbbs;hd;;;;2025-12-21T12:00:00Z&wptab=si:AMgyJEsE-G7y0rTWzqlNG2GzIAm8kgSdMFRrzlF2sZ_XYkLUH_IhXM5xC2YnC-WhQS_PCIUFZRm1g8PnLvXExVYUGgTdclAQpRapSJvZ5l5B6sGoe3n5fgIPeCHgY6D5EywuaNheAmBjbyKpC1VTLtud9ETqmQnpjkfxvT71WW6B7uNcT3Zsem6lT_axZqdJ9ECI2C1LmN0SGfIbKmQfN9VhQrBRTY7zgB7Rajdh2G8nM_wJ2udIvX0%3D,https://www.google.com/search?q=sao+paulo+fc&oq=sao+paulo+fc&gs_lcrp=EgZjaHJvbWUqFwgAEAAYQxhGGP0BGOMCGLEDGIAEGIoFMhcIABAAGEMYRhj9ARjjAhixAxiABBiKBTIPCAEQLhhDGLEDGIAEGIoFMgwIAhAAGBQYhwIYgAQyDAgDEAAYFBiHAhiABDIHCAQQABiABDIHCAUQLhiABDIHCAYQABiABDIHCAcQABiABDIHCAgQABiABDIHCAkQABiABNIBCDM0MTlqMGo5qAIAsAIA&sourceid=chrome&ie=UTF-8#sie=m;/g/11x2ln_grw;2;/m/0fnk7q;dt;fp;1;;;&wptab=si:AMgyJEsE-G7y0rTWzqlNG2GzIAm8kgSdMFRrzlF2sZ_XYkLUH_IhXM5xC2YnC-WhQS_PCIUFZRm1g8PnLvXExVYUGgTdclAQpRapSJvZ5l5B6sGoe3n5fgIPeCHgY6D5EywuaNheAmBjbyKpC1VTLtud9ETqmQnpjkfxvT71WW6B7uNcT3Zsem6lT_axZqdJ9ECI2C1LmN0SGfIbKmQfN9VhQrBRTY7zgB7Rajdh2G8nM_wJ2udIvX0%3D
Santos,https://www.google.com/search?sca_esv=0c973f6981abe047&cs=1&sxsrf=AE3TifOjcoCxAQcToIt0xa9LqBB_L9EZ-w:1756530947518&q=Santos+Futebol+Clube&stick=H4sIAAAAAAAAAONgVuLUz9U3MLTMqch9xGjCLfDyxz1hKe1Ja05eY1Tl4grOyC93zSvJLKkUEudig7J4pbi5ELp4FrGKBCfmleQXK7iVlqQm5ecoOOeUJqUCAH4bYxBbAAAA&ved=2ahUKEwiriabZ47GPAxXTmbAFHXDzK4oQukt6BAgCEBU#sie=t;/m/019lxm;2;/m/0fnk7q;bbbs;hd;;;;2025-12-21T12:00:00Z&wptab=si:AMgyJEsE-G7y0rTWzqlNG2GzIAm8kgSdMFRrzlF2sZ_XYkLUH_IhXM5xC2YnC-WhQS_PCIUFZRm1g8PnLvXExVYUGgTdclAQpRapSJvZ5l5B6sGoe3n5fgIPeCHgY6D5EywuaNheAmBjbyKpC1VTLtud9ETq9o6xrUrAWFdYVpbIyBwBLuvPSxReSS-d60pIDwXiis31z_FmpZTgQzqGG6ueZKNBuh5ZzYjmgErzB7Rlhn9zKs1pZZM%3D,https://www.google.com/search?sca_esv=0c973f6981abe047&cs=1&sxsrf=AE3TifOjcoCxAQcToIt0xa9LqBB_L9EZ-w:1756530947518&q=Santos+Futebol+Clube&stick=H4sIAAAAAAAAAONgVuLUz9U3MLTMqch9xGjCLfDyxz1hKe1Ja05eY1Tl4grOyC93zSvJLKkUEudig7J4pbi5ELp4FrGKBCfmleQXK7iVlqQm5ecoOOeUJqUCAH4bYxBbAAAA&ved=2ahUKEwiriabZ47GPAxXTmbAFHXDzK4oQukt6BAgCEBU#sie=m;/g/11l_5jdfk5;2;/m/0fnk7q;dt;fp;1;;;&wptab=si:AMgyJEsE-G7y0rTWzqlNG2GzIAm8kgSdMFRrzlF2sZ_XYkLUH_IhXM5xC2YnC-WhQS_PCIUFZRm1g8PnLvXExVYUGgTdclAQpRapSJvZ5l5B6sGoe3n5fgIPeCHgY6D5EywuaNheAmBjbyKpC1VTLtud9ETq9o6xrUrAWFdYVpbIyBwBLuvPSxReSS-d60pIDwXiis31z_FmpZTgQzqGG6ueZKNBuh5ZzYjmgErzB7Rlhn9zKs1pZZM%3D
Grêmio,https://www.google.com/search?q=gremio&sca_esv=3768679dafddd1ea&sxsrf=AE3TifMwS3KVYNG-vVHXhT_iFX4jR34EpA%3A1756538986859&ei=aqiyaLWhNJS2wt0PnvzOiQ8&gs_ssp=eJzj4tTP1TcwtMw1NTRg9GJLL0rNzcwHADAhBVA&oq=gre&gs_lp=Egxnd3Mtd2l6LXNlcnAiA2dyZSoCCAEyDxAjGIAEGCcYigUYRhj9ATINEC4YgAQYsQMYQxiKBTIKEAAYgAQYFBiHAjIKEAAYgAQYQxiKBTIIEAAYgAQYsQMyCBAAGIAEGLEDMggQLhiABBixAzIIEC4YgAQYsQMyCBAuGIAEGLEDMggQLhiABBixAzIZEAAYgAQYigUYRhj9ARiXBRiMBRjdBNgBAUiYG1CvDFjqD3ADeAGQAQCYAZoBoAG6A6oBAzAuM7gBA8gBAPgBAZgCB6AC5g3CAgoQABiwAxjWBBhHwgINEAAYgAQYsAMYQxiKBcICDhAAGLADGOQCGNYE2AEBwgITEC4YgAQYsAMYQxjIAxiKBdgBAcICChAjGIAEGCcYigXCAgQQIxgnwgIKEC4YgAQYQxiKBcICCxAAGIAEGLEDGIMBwgIREC4YgAQYsQMY0QMYgwEYxwHCAgUQABiABMICGRAuGIAEGEMYigUYlwUY3AQY3gQY4ATYAQHCAhAQIxjwBRiABBgnGMkCGIoFwgIOEAAYgAQYsQMYgwEYigWYAwCIBgGQBhO6BgYIARABGAmSBwczLjMuNy0xoAfbNrIHAzAuM7gHywPCBwUwLjEuNsgHHw&sclient=gws-wiz-serp#sie=t;/m/019m51;2;/m/0fnk7q;bbbs;hd;;;;2025-12-21T12:00:00Z&wptab=si:AMgyJEsE-G7y0rTWzqlNG2GzIAm8kgSdMFRrzlF2sZ_XYkLUH_IhXM5xC2YnC-WhQS_PCIUFZRm1g8PnLvXExVYUGgTdclAQpRapSJvZ5l5B6sGoe3n5fgIPeCHgY6D5EywuaNheAmBjbyKpC1VTLtud9ETqKnyYsSUUai31EwA8QENCaTptyxOzp6MKB3TJGnDprq52nMg66iGEFqH524FQy8h7ssc8xaQz10YxzQdoiVn7wNsw0S9iaNhCH3EjW4yB0PEFSEqz,https://www.google.com/search?q=gremio&sca_esv=3768679dafddd1ea&sxsrf=AE3TifMwS3KVYNG-vVHXhT_iFX4jR34EpA%3A1756538986859&ei=aqiyaLWhNJS2wt0PnvzOiQ8&gs_ssp=eJzj4tTP1TcwtMw1NTRg9GJLL0rNzcwHADAhBVA&oq=gre&gs_lp=Egxnd3Mtd2l6LXNlcnAiA2dyZSoCCAEyDxAjGIAEGCcYigUYRhj9ATINEC4YgAQYsQMYQxiKBTIKEAAYgAQYFBiHAjIKEAAYgAQYQxiKBTIIEAAYgAQYsQMyCBAAGIAEGLEDMggQLhiABBixAzIIEC4YgAQYsQMyCBAuGIAEGLEDMggQLhiABBixAzIZEAAYgAQYigUYRhj9ARiXBRiMBRjdBNgBAUiYG1CvDFjqD3ADeAGQAQCYAZoBoAG6A6oBAzAuM7gBA8gBAPgBAZgCB6AC5g3CAgoQABiwAxjWBBhHwgINEAAYgAQYsAMYQxiKBcICDhAAGLADGOQCGNYE2AEBwgITEC4YgAQYsAMYQxjIAxiKBdgBAcICChAjGIAEGCcYigXCAgQQIxgnwgIKEC4YgAQYQxiKBcICCxAAGIAEGLEDGIMBwgIREC4YgAQYsQMY0QMYgwEYxwHCAgUQABiABMICGRAuGIAEGEMYigUYlwUY3AQY3gQY4ATYAQHCAhAQIxjwBRiABBgnGMkCGIoFwgIOEAAYgAQYsQMYgwEYigWYAwCIBgGQBhO6BgYIARABGAmSBwczLjMuNy0xoAfbNrIHAzAuM7gHywPCBwUwLjEuNsgHHw&sclient=gws-wiz-serp#sie=m;/g/11l_5jp71v;2;/m/0fnk7q;dt;fp;1;;;&wptab=si:AMgyJEsE-G7y0rTWzqlNG2GzIAm8kgSdMFRrzlF2sZ_XYkLUH_IhXM5xC2YnC-WhQS_PCIUFZRm1g8PnLvXExVYUGgTdclAQpRapSJvZ5l5B6sGoe3n5fgIPeCHgY6D5EywuaNheAmBjbyKpC1VTLtud9ETqKnyYsSUUai31EwA8QENCaTptyxOzp6MKB3TJGnDprq52nMg66iGEFqH524FQy8h7ssc8xaQz10YxzQdoiVn7wNsw0S9iaNhCH3EjW4yB0PEFSEqz
Flamengo,https://www.google.com/search?sca_esv=3768679dafddd1ea&cs=1&sxsrf=AE3TifNeKB5AG09UskCh_opsyf9CsTtnEQ:1756538955261&q=Clube+de+Regatas+do+Flamengo&stick=H4sIAAAAAAAAAONgVuLUz9U3MLTMKal8xGjCLfDyxz1hKe1Ja05eY1Tl4grOyC93zSvJLKkUEudig7J4pbi5ELp4FrHKOOeUJqUqpKQqBKWmJ5YkFiuk5Cu45STmpual5wMAjXuTbWMAAAA&ved=2ahUKEwijxdfDgbKPAxVbRjABHUbODqoQukt6BAgCEAo#sie=t;/m/019lty;2;/m/0fnk7q;bbbs;hd;;;;2026-01-21T12:00:00Z&wptab=si:AMgyJEsE-G7y0rTWzqlNG2GzIAm8kgSdMFRrzlF2sZ_XYkLUH_IhXM5xC2YnC-WhQS_PCIUFZRm1g8PnLvXExVYUGgTdclAQpRapSJvZ5l5B6sGoe3n5fgIPeCHgY6D5EywuaNheAmBjbyKpC1VTLtud9ETq7xlGghTCdADH3ULo95osZkWeMeEdYS58aNs-fC3TVkXqe1STnO60AHK6JI7eYmZvMGRbYjpKXnj2ir6ge7_6C-2p8_0%3D,https://www.google.com/search?sca_esv=3768679dafddd1ea&cs=1&sxsrf=AE3TifNeKB5AG09UskCh_opsyf9CsTtnEQ:1756538955261&q=Clube+de+Regatas+do+Flamengo&stick=H4sIAAAAAAAAAONgVuLUz9U3MLTMKal8xGjCLfDyxz1hKe1Ja05eY1Tl4grOyC93zSvJLKkUEudig7J4pbi5ELp4FrHKOOeUJqUqpKQqBKWmJ5YkFiuk5Cu45STmpual5wMAjXuTbWMAAAA&ved=2ahUKEwijxdfDgbKPAxVbRjABHUbODqoQukt6BAgCEAo#sie=m;/g/11x2lp3q2j;2;/m/0fnk7q;dt;fp;1;;;&wptab=si:AMgyJEsE-G7y0rTWzqlNG2GzIAm8kgSdMFRrzlF2sZ_XYkLUH_IhXM5xC2YnC-WhQS_PCIUFZRm1g8PnLvXExVYUGgTdclAQpRapSJvZ5l5B6sGoe3n5fgIPeCHgY6D5EywuaNheAmBjbyKpC1VTLtud9ETq7xlGghTCdADH3ULo95osZkWeMeEdYS58aNs-fC3TVkXqe1STnO60AHK6JI7eYmZvMGRbYjpKXnj2ir6ge7_6C-2p8_0%3D
Mirassol,https://www.google.com/search?gs_ssp=eJzj4tLP1TcwKiyvNM02YPTiyM0sSiwuzs8BAEzEBzA&q=mirassol&oq=mirassol&gs_lcrp=EgZjaHJvbWUqDwgBEC4YQxixAxiABBiKBTIHCAAQABiPAjIPCAEQLhhDGLEDGIAEGIoFMgcIAhAAGIAEMgwIAxAAGEMYgAQYigUyBwgEEAAYgAQyBwgFEC4YgAQyBwgGEAAYgAQyBwgHEAAYgAQyBwgIEAAYgAQyBwgJEAAYgATSAQgyMzU0ajBqOagCALACAA&sourceid=chrome&ie=UTF-8#sie=t;/m/02qwy5k;2;/m/0fnk7q;bbbs;hd;;;;2025-12-21T12:00:00Z&wptab=si:AMgyJEuP9uis0-KiFUfO7cYpIxL2HOLjnlQyhHznpg1qViYjfEKE_q49vrOrjimXg6LVhI7IOAzBwjLAIq4IyQFhHvvlbs94kgG9RvvH-XLkHEM75mTSKNDUBbFtTAkQmRmS8lXVfB_oatrbMxrKjdgnXQWgYWekpl_eJMi5RBPXUIAwLiqzYcOs9L1EnQMMAokZzQHW17aOxDdllKO-2cPFQ8ibyxgEN-_jRL5lsQ2A9epfpBn7ilE%3D,https://www.google.com/search?gs_ssp=eJzj4tLP1TcwKiyvNM02YPTiyM0sSiwuzs8BAEzEBzA&q=mirassol&oq=mirassol&gs_lcrp=EgZjaHJvbWUqDwgBEC4YQxixAxiABBiKBTIHCAAQABiPAjIPCAEQLhhDGLEDGIAEGIoFMgcIAhAAGIAEMgwIAxAAGEMYgAQYigUyBwgEEAAYgAQyBwgFEC4YgAQyBwgGEAAYgAQyBwgHEAAYgAQyBwgIEAAYgAQyBwgJEAAYgATSAQgyMzU0ajBqOagCALACAA&sourceid=chrome&ie=UTF-8#sie=m;/g/11x2lnykp5;2;/m/0fnk7q;dt;fp;1;;;&wptab=si:AMgyJEuP9uis0-KiFUfO7cYpIxL2HOLjnlQyhHznpg1qViYjfEKE_q49vrOrjimXg6LVhI7IOAzBwjLAIq4IyQFhHvvlbs94kgG9RvvH-XLkHEM75mTSKNDUBbFtTAkQmRmS8lXVfB_oatrbMxrKjdgnXQWgYWekpl_eJMi5RBPXUIAwLiqzYcOs9L1EnQMMAokZzQHW17aOxDdllKO-2cPFQ8ibyxgEN-_jRL5lsQ2A9epfpBn7ilE%3D
Bahía,https://www.google.com/search?gs_ssp=eJzj4tTP1TcwtMxNKTFg9OJISszITFRISwYAQE0GHw&q=bahia+fc&oq=Bahi&gs_lcrp=EgZjaHJvbWUqDAgBEC4YJxiABBiKBTIGCAAQRRg5MgwIARAuGCcYgAQYigUyDQgCEAAYkgMYgAQYigUyDAgDEAAYQxiABBiKBTIQCAQQLhjHARixAxjRAxiABDIKCAUQLhixAxiABDIHCAYQABiABDIHCAcQABiPAjIHCAgQABiPAtIBCDIxMDRqMGo5qAIAsAIA&sourceid=chrome&ie=UTF-8#sie=t;/m/019mdt;2;/m/0fnk7q;bbbs;hd;;;;2025-12-17T12:00:00Z&wptab=si:AMgyJEsE-G7y0rTWzqlNG2GzIAm8kgSdMFRrzlF2sZ_XYkLUH_IhXM5xC2YnC-WhQS_PCIUFZRm1g8PnLvXExVYUGgTdclAQpRapSJvZ5l5B6sGoe3n5fgIPeCHgY6D5EywuaNheAmBjbyKpC1VTLtud9ETqZHVf5IqZTnlt932uWpPEGfvm7_3NldzJZdiPFZAQhEJv5bGJcrEAY6OL4cfmS3YsRePhtFbniofuey9XUnNwGIXXRgg%3D,https://www.google.com/search?gs_ssp=eJzj4tTP1TcwtMxNKTFg9OJISszITFRISwYAQE0GHw&q=bahia+fc&oq=Bahi&gs_lcrp=EgZjaHJvbWUqDAgBEC4YJxiABBiKBTIGCAAQRRg5MgwIARAuGCcYgAQYigUyDQgCEAAYkgMYgAQYigUyDAgDEAAYQxiABBiKBTIQCAQQLhjHARixAxjRAxiABDIKCAUQLhixAxiABDIHCAYQABiABDIHCAcQABiPAjIHCAgQABiPAtIBCDIxMDRqMGo5qAIAsAIA&sourceid=chrome&ie=UTF-8#sie=m;/g/11l_5jdfk5;2;/m/0fnk7q;dt;fp;1;;;&wptab=si:AMgyJEsE-G7y0rTWzqlNG2GzIAm8kgSdMFRrzlF2sZ_XYkLUH_IhXM5xC2YnC-WhQS_PCIUFZRm1g8PnLvXExVYUGgTdclAQpRapSJvZ5l5B6sGoe3n5fgIPeCHgY6D5EywuaNheAmBjbyKpC1VTLtud9ETqZHVf5IqZTnlt932uWpPEGfvm7_3NldzJZdiPFZAQhEJv5bGJcrEAY6OL4cfmS3YsRePhtFbniofuey9XUnNwGIXXRgg%3D
Vitória,https://www.google.com/search?q=vitoria+fc&oq=vitoria+fc&gs_lcrp=EgZjaHJvbWUqDwgAEAAYQxjjAhiABBiKBTIPCAAQABhDGOMCGIAEGIoFMgwIARAuGEMYgAQYigUyBwgCEC4YgAQyBwgDEAAYgAQyBwgEEAAYgAQyBwgFEAAYgAQyBwgGEAAYgAQyBwgHEC4YgAQyBwgIEAAYgATSAQgyODYxajBqOagCALACAA&sourceid=chrome&ie=UTF-8#sie=t;/m/019m8m;2;/m/0fnk7q;bbbs;hd;;;;2025-12-21T12:00:00Z&wptab=si:AMgyJEsE-G7y0rTWzqlNG2GzIAm8kgSdMFRrzlF2sZ_XYkLUH_IhXM5xC2YnC-WhQS_PCIUFZRm1g8PnLvXExVYUGgTdclAQpRapSJvZ5l5B6sGoe3n5fgIPeCHgY6D5EywuaNheAmBjbyKpC1VTLtud9ETqIMIikIZ6k9YDG_ACPTTW6jnE4oFDJWCDRK0ASiveueXCiIqxWaQQrTSHsLdnd36PF1lMqG4i2eFNXHrerHqAWcXEcNUTtv3F_EaG2Pygt7z7z_7J,https://www.google.com/search?q=vitoria+fc&oq=vitoria+fc&gs_lcrp=EgZjaHJvbWUqDwgAEAAYQxjjAhiABBiKBTIPCAAQABhDGOMCGIAEGIoFMgwIARAuGEMYgAQYigUyBwgCEC4YgAQyBwgDEAAYgAQyBwgEEAAYgAQyBwgFEAAYgAQyBwgGEAAYgAQyBwgHEC4YgAQyBwgIEAAYgATSAQgyODYxajBqOagCALACAA&sourceid=chrome&ie=UTF-8#sie=m;/g/11x2lp3q2j;2;/m/0fnk7q;dt;fp;1;;;&wptab=si:AMgyJEsE-G7y0rTWzqlNG2GzIAm8kgSdMFRrzlF2sZ_XYkLUH_IhXM5xC2YnC-WhQS_PCIUFZRm1g8PnLvXExVYUGgTdclAQpRapSJvZ5l5B6sGoe3n5fgIPeCHgY6D5EywuaNheAmBjbyKpC1VTLtud9ETqIMIikIZ6k9YDG_ACPTTW6jnE4oFDJWCDRK0ASiveueXCiIqxWaQQrTSHsLdnd36PF1lMqG4i2eFNXHrerHqAWcXEcNUTtv3F_EaG2Pygt7z7z_7J
Atlético Mineiro,https://www.google.com/search?q=atletico+mineiro&oq=atletico+minei&gs_lcrp=EgZjaHJvbWUqFwgAEAAYQxhGGP0BGOMCGLEDGIAEGIoFMhcIABAAGEMYRhj9ARjjAhixAxiABBiKBTIPCAEQLhhDGLEDGIAEGIoFMgoIAhAAGLEDGIAEMgwIAxAAGBQYhwIYgAQyBwgEEAAYgAQyDAgFEAAYFBiHAhiABDIGCAYQRRg5MgcIBxAAGIAEMgcICBAAGIAEMgcICRAAGIAE0gEINTIwNWowajmoAgCwAgA&sourceid=chrome&ie=UTF-8#sie=t;/m/019m6z;2;/m/0fnk7q;bbbs;hd;;;;2025-12-21T12:00:00Z&wptab=si:AMgyJEsE-G7y0rTWzqlNG2GzIAm8kgSdMFRrzlF2sZ_XYkLUH_IhXM5xC2YnC-WhQS_PCIUFZRm1g8PnLvXExVYUGgTdclAQpRapSJvZ5l5B6sGoe3n5fgIPeCHgY6D5EywuaNheAmBjbyKpC1VTLtud9ETqFYlgZ61OMIsbm_qe_9TNlpXw00QTPGALSk0pzsM6I9CE_3ZoUSDYmnGFU7kAXAABcrAl7Iad8I4AlfjvNbnzMNxdTJA%3D,https://www.google.com/search?q=atletico+mineiro&oq=atletico+minei&gs_lcrp=EgZjaHJvbWUqFwgAEAAYQxhGGP0BGOMCGLEDGIAEGIoFMhcIABAAGEMYRhj9ARjjAhixAxiABBiKBTIPCAEQLhhDGLEDGIAEGIoFMgoIAhAAGLEDGIAEMgwIAxAAGBQYhwIYgAQyBwgEEAAYgAQyDAgFEAAYFBiHAhiABDIGCAYQRRg5MgcIBxAAGIAEMgcICBAAGIAEMgcICRAAGIAE0gEINTIwNWowajmoAgCwAgA&sourceid=chrome&ie=UTF-8#sie=m;/g/11x2ln_grw;2;/m/0fnk7q;dt;fp;1;;;&wptab=si:AMgyJEsE-G7y0rTWzqlNG2GzIAm8kgSdMFRrzlF2sZ_XYkLUH_IhXM5xC2YnC-WhQS_PCIUFZRm1g8PnLvXExVYUGgTdclAQpRapSJvZ5l5B6sGoe3n5fgIPeCHgY6D5EywuaNheAmBjbyKpC1VTLtud9ETqFYlgZ61OMIsbm_qe_9TNlpXw00QTPGALSk0pzsM6I9CE_3ZoUSDYmnGFU7kAXAABcrAl7Iad8I4AlfjvNbnzMNxdTJA%3D
Internacional,https://www.google.com/search?q=internacional+fc&sca_esv=3768679dafddd1ea&cs=1&sxsrf=AE3TifPKe0nr-woioAXjvf9Km1-lLN5AZQ%3A1756538957042&ei=TaiyaOuxAu2OwbkP6ZKe4AU&gs_ssp=eJzj4tTP1TcwtMw1zTJg9BLIzCtJLcpLTM7Mz0vMUUhLBgCAlQlg&oq=Internacion&gs_lp=Egxnd3Mtd2l6LXNlcnAiC0ludGVybmFjaW9uKgIIATIKEAAYgAQYQxiKBTINEC4YgAQYsQMYFBiHAjINEAAYgAQYsQMYQxiKBTIFEAAYgAQyChAAGIAEGBQYhwIyChAAGIAEGEMYigUyBRAuGIAEMgUQABiABDIFEAAYgAQyBRAAGIAEMhwQLhiABBixAxgUGIcCGJcFGNwEGN4EGOAE2AEBSOcjUM4GWJMYcAF4AZABAJgB9QGgAfQQqgEGMC4xMi4xuAEByAEA-AEBmAIPoALfG8ICChAjGIAEGCcYigXCAgoQLhiABBhDGIoFwgILEAAYgAQYsQMYgwHCAg0QLhiABBixAxhDGIoFwgIEECMYJ8ICEBAjGPAFGIAEGCcYyQIYigXCAgoQIxjwBRgnGMkCwgIKEC4YgAQYFBiHAsICCBAAGIAEGLEDmAMAugYGCAEQARgUkgcKMS4xMi4xLjctMaAHuZ8BsgcGMC4xMi4xuAfIEcIHBjItMTMuMsgHVA&sclient=gws-wiz-serp#sie=t;/m/019m5j;2;/m/0fnk7q;bbbs;hd;;;;2025-12-21T12:00:00Z&wptab=si:AMgyJEsE-G7y0rTWzqlNG2GzIAm8kgSdMFRrzlF2sZ_XYkLUH_IhXM5xC2YnC-WhQS_PCIUFZRm1g8PnLvXExVYUGgTdclAQpRapSJvZ5l5B6sGoe3n5fgIPeCHgY6D5EywuaNheAmBjbyKpC1VTLtud9ETq5fpB2EInz1o0pq9dPZToK6Zg5-Bs9dggaRRCGukOVz_BXLFRhFQj4uxOf7s6LrvrTICNmotkgxcGAKIe0HyMmkuoVLsVaD_SksmYUCNQIJRG73eg,https://www.google.com/search?q=internacional+fc&sca_esv=3768679dafddd1ea&cs=1&sxsrf=AE3TifPKe0nr-woioAXjvf9Km1-lLN5AZQ%3A1756538957042&ei=TaiyaOuxAu2OwbkP6ZKe4AU&gs_ssp=eJzj4tTP1TcwtMw1zTJg9BLIzCtJLcpLTM7Mz0vMUUhLBgCAlQlg&oq=Internacion&gs_lp=Egxnd3Mtd2l6LXNlcnAiC0ludGVybmFjaW9uKgIIATIKEAAYgAQYQxiKBTINEC4YgAQYsQMYFBiHAjINEAAYgAQYsQMYQxiKBTIFEAAYgAQyChAAGIAEGBQYhwIyChAAGIAEGEMYigUyBRAuGIAEMgUQABiABDIFEAAYgAQyBRAAGIAEMhwQLhiABBixAxgUGIcCGJcFGNwEGN4EGOAE2AEBSOcjUM4GWJMYcAF4AZABAJgB9QGgAfQQqgEGMC4xMi4xuAEByAEA-AEBmAIPoALfG8ICChAjGIAEGCcYigXCAgoQLhiABBhDGIoFwgILEAAYgAQYsQMYgwHCAg0QLhiABBixAxhDGIoFwgIEECMYJ8ICEBAjGPAFGIAEGCcYyQIYigXCAgoQIxjwBRgnGMkCwgIKEC4YgAQYFBiHAsICCBAAGIAEGLEDmAMAugYGCAEQARgUkgcKMS4xMi4xLjctMaAHuZ8BsgcGMC4xMi4xuAfIEcIHBjItMTMuMsgHVA&sclient=gws-wiz-serp#sie=m;/g/11x2lnx6z8;2;/m/0fnk7q;dt;fp;1;;;&wptab=si:AMgyJEsE-G7y0rTWzqlNG2GzIAm8kgSdMFRrzlF2sZ_XYkLUH_IhXM5xC2YnC-WhQS_PCIUFZRm1g8PnLvXExVYUGgTdclAQpRapSJvZ5l5B6sGoe3n5fgIPeCHgY6D5EywuaNheAmBjbyKpC1VTLtud9ETq5fpB2EInz1o0pq9dPZToK6Zg5-Bs9dggaRRCGukOVz_BXLFRhFQj4uxOf7s6LrvrTICNmotkgxcGAKIe0HyMmkuoVLsVaD_SksmYUCNQIJRG73eg
Sport Recife,https://www.google.com/search?gs_ssp=eJzj4tTP1TcwKisoyzZg9OIpLsgvKlEoSk3OTEsFAGWkCFU&q=sport+recife&oq=sport+reci&gs_lcrp=EgZjaHJvbWUqDAgBEC4YQxiABBiKBTIUCAAQABhDGEYY_QEY4wIYgAQYigUyDAgBEC4YQxiABBiKBTIHCAIQABiABDIGCAMQRRg5MgcIBBAAGIAEMgcIBRAAGIAEMgcIBhAAGIAEMgcIBxAAGIAEMgcICBAAGIAEMgcICRAAGIAE0gEIMzQ5NmowajmoAgCwAgA&sourceid=chrome&ie=UTF-8#sie=t;/m/02vpvk;2;/m/0fnk7q;bbbs;hd;;;;2025-12-21T12:00:00Z&wptab=si:AMgyJEsE-G7y0rTWzqlNG2GzIAm8kgSdMFRrzlF2sZ_XYkLUH_IhXM5xC2YnC-WhQS_PCIUFZRm1g8PnLvXExVYUGgTdclAQpRapSJvZ5l5B6sGoe3n5fgIPeCHgY6D5EywuaNheAmBjbyKpC1VTLtud9ETqqKK4XlSArqebR4e4dmnAoff736b-84c60-I5liLmQDGaWVZEuI8O0gjj1Ih053-sWWK_72VfIdZEHZezHar1SPGVPuk%3D,https://www.google.com/search?gs_ssp=eJzj4tTP1TcwKisoyzZg9OIpLsgvKlEoSk3OTEsFAGWkCFU&q=sport+recife&oq=sport+reci&gs_lcrp=EgZjaHJvbWUqDAgBEC4YQxiABBiKBTIUCAAQABhDGEYY_QEY4wIYgAQYigUyDAgBEC4YQxiABBiKBTIHCAIQABiABDIGCAMQRRg5MgcIBBAAGIAEMgcIBRAAGIAEMgcIBhAAGIAEMgcIBxAAGIAEMgcICBAAGIAEMgcICRAAGIAE0gEIMzQ5NmowajmoAgCwAgA&sourceid=chrome&ie=UTF-8#sie=m;/g/11l_5j8r20;2;/m/0fnk7q;dt;fp;1;;;&wptab=si:AMgyJEsE-G7y0rTWzqlNG2GzIAm8kgSdMFRrzlF2sZ_XYkLUH_IhXM5xC2YnC-WhQS_PCIUFZRm1g8PnLvXExVYUGgTdclAQpRapSJvZ5l5B6sGoe3n5fgIPeCHgY6D5EywuaNheAmBjbyKpC1VTLtud9ETqqKK4XlSArqebR4e4dmnAoff736b-84c60-I5liLmQDGaWVZEuI8O0gjj1Ih053-sWWK_72VfIdZEHZezHar1SPGVPuk%3D
Vasco da Gama,https://www.google.com/search?q=vasco+da+gama+fc&sca_esv=3768679dafddd1ea&sxsrf=AE3TifOLgck2Lu1U4WlOn7dkVLOXELo7lA%3A1756541065527&ei=ibCyaPD4H-WrwbkPjOiv8Qk&ved=0ahUKEwiw4fmxibKPAxXlVTABHQz0K54Q4dUDCBA&uact=5&oq=vasco+da+gama+fc&gs_lp=Egxnd3Mtd2l6LXNlcnAiEHZhc2NvIGRhIGdhbWEgZmMyDxAuGIAEGBQYRhiHAhj9ATIFEAAYgAQyBRAAGIAEMgUQLhiABDIIEAAYgAQYywEyBRAAGIAEMggQABiABBjLATIIEAAYgAQYywEyCBAAGIAEGMsBMggQABiABBjLATIbEAAYgAQYFBhGGIcCGP0BGJcFGIwFGN0E2AEBSMAHUIIBWLIGcAF4AZABAJgBsgGgAeICqgEDMC4yuAEDyAEA-AEBmAIDoAKCA8ICChAAGLADGNYEGEfCAg0QABiABBiwAxhDGIoFwgIOEAAYsAMY5AIY1gTYAQHCAhMQLhiABBiwAxhDGMgDGIoF2AEBwgIKEC4YgAQYQxiKBcICChAAGIAEGEMYigXCAhAQABiABBixAxhDGIMBGIoFwgIKEAAYgAQYFBiHAsICGRAuGIAEGEMYigUYlwUY3AQY3gQY4ATYAQGYAwCIBgGQBhO6BgYIARABGAmSBwMxLjKgB68UsgcDMC4yuAf1AsIHBTItMS4yyAcc&sclient=gws-wiz-serp#sie=t;/m/019mcm;2;/m/0fnk7q;bbbs;hd;;;;2026-01-21T12:00:00Z&wptab=si:AMgyJEsE-G7y0rTWzqlNG2GzIAm8kgSdMFRrzlF2sZ_XYkLUH_IhXM5xC2YnC-WhQS_PCIUFZRm1g8PnLvXExVYUGgTdclAQpRapSJvZ5l5B6sGoe3n5fgIPeCHgY6D5EywuaNheAmBjbyKpC1VTLtud9ETqs3_dW2QH0pIl0LsF_COKrtYxFG9yqdI2WvOsMl6ai9QTb8LOiUHIgraLqcJS-bg__8fAm7ShLbzqkdzOpOTVXpRNgQk%3D,https://www.google.com/search?q=vasco+da+gama+fc&sca_esv=3768679dafddd1ea&sxsrf=AE3TifOLgck2Lu1U4WlOn7dkVLOXELo7lA%3A1756541065527&ei=ibCyaPD4H-WrwbkPjOiv8Qk&ved=0ahUKEwiw4fmxibKPAxXlVTABHQz0K54Q4dUDCBA&uact=5&oq=vasco+da+gama+fc&gs_lp=Egxnd3Mtd2l6LXNlcnAiEHZhc2NvIGRhIGdhbWEgZmMyDxAuGIAEGBQYRhiHAhj9ATIFEAAYgAQyBRAAGIAEMgUQLhiABDIIEAAYgAQYywEyBRAAGIAEMggQABiABBjLATIIEAAYgAQYywEyCBAAGIAEGMsBMggQABiABBjLATIbEAAYgAQYFBhGGIcCGP0BGJcFGIwFGN0E2AEBSMAHUIIBWLIGcAF4AZABAJgBsgGgAeICqgEDMC4yuAEDyAEA-AEBmAIDoAKCA8ICChAAGLADGNYEGEfCAg0QABiABBiwAxhDGIoFwgIOEAAYsAMY5AIY1gTYAQHCAhMQLhiABBiwAxhDGMgDGIoF2AEBwgIKEC4YgAQYQxiKBcICChAAGIAEGEMYigXCAhAQABiABBixAxhDGIMBGIoFwgIKEAAYgAQYFBiHAsICGRAuGIAEGEMYigUYlwUY3AQY3gQY4ATYAQGYAwCIBgGQBhO6BgYIARABGAmSBwMxLjKgB68UsgcDMC4yuAf1AsIHBTItMS4yyAcc&sclient=gws-wiz-serp#sie=m;/g/11x2lnxznk;2;/m/0fnk7q;dt;fp;1;;;&wptab=si:AMgyJEsE-G7y0rTWzqlNG2GzIAm8kgSdMFRrzlF2sZ_XYkLUH_IhXM5xC2YnC-WhQS_PCIUFZRm1g8PnLvXExVYUGgTdclAQpRapSJvZ5l5B6sGoe3n5fgIPeCHgY6D5EywuaNheAmBjbyKpC1VTLtud9ETqs3_dW2QH0pIl0LsF_COKrtYxFG9yqdI2WvOsMl6ai9QTb8LOiUHIgraLqcJS-bg__8fAm7ShLbzqkdzOpOTVXpRNgQk%3D
Fortaleza,https://www.google.com/search?sca_esv=5df02e083550f121&cs=1&sxsrf=AE3TifOAondhFohOq-yqA5yLPUX7nsS-wA:1757770914724&q=Fortaleza+Esporte+Clube&stick=H4sIAAAAAAAAAONgVuLUz9U3MDZPyzZ-xGjCLfDyxz1hKe1Ja05eY1Tl4grOyC93zSvJLKkUEudig7J4pbi5ELp4FrGKu-UXlSTmpFYlKrgWFwDZqQrOOaVJqQAPXQ-nXgAAAA&ved=2ahUKEwjkytz37tWPAxXUmmoFHc4iEBEQukt6BAgCEAo#sie=t;/m/037fk3;2;/m/0fnk7q;bbbs;hd;;;;2025-12-21T12:00:00Z&wptab=si:AMgyJEsE-G7y0rTWzqlNG2GzIAm8kgSdMFRrzlF2sZ_XYkLUH_IhXM5xC2YnC-WhQS_PCIUFZRm1g8PnLvXExVYUGgTdclAQpRapSJvZ5l5B6sGoe3n5fgIPeCHgY6D5EywuaNheAmBjbyKpC1VTLtud9ETqV0NMX1Hy2XZfZLq-v9eeOxyJo0-OJjyxP8EwXaCVeA_oZLMjKsxoLRd4SdMcqcJIpxENnHVfjEj6OXCJzgFNkInzeDU6I0XzVRWYPgZqH47SNA18,https://www.google.com/search?sca_esv=5df02e083550f121&cs=1&sxsrf=AE3TifOAondhFohOq-yqA5yLPUX7nsS-wA:1757770914724&q=Fortaleza+Esporte+Clube&stick=H4sIAAAAAAAAAONgVuLUz9U3MDZPyzZ-xGjCLfDyxz1hKe1Ja05eY1Tl4grOyC93zSvJLKkUEudig7J4pbi5ELp4FrGKu-UXlSTmpFYlKrgWFwDZqQrOOaVJqQAPXQ-nXgAAAA&ved=2ahUKEwjkytz37tWPAxXUmmoFHc4iEBEQukt6BAgCEAo#sie=m;/g/11x053wdxk;2;/m/0fnk7q;dt;fp;1;;;&wptab=si:AMgyJEsE-G7y0rTWzqlNG2GzIAm8kgSdMFRrzlF2sZ_XYkLUH_IhXM5xC2YnC-WhQS_PCIUFZRm1g8PnLvXExVYUGgTdclAQpRapSJvZ5l5B6sGoe3n5fgIPeCHgY6D5EywuaNheAmBjbyKpC1VTLtud9ETqV0NMX1Hy2XZfZLq-v9eeOxyJo0-OJjyxP8EwXaCVeA_oZLMjKsxoLRd4SdMcqcJIpxENnHVfjEj6OXCJzgFNkInzeDU6I0XzVRWYPgZqH47SNA18
Corinthians,https://www.google.com/search?q=corinthians&sca_esv=fe30fb440f0045d3&sxsrf=AE3TifM_lM4Vq0w6P3d0NYthPXBAOUMMiw%3A1758777093099&ei=Bc_UaKHsBb6bwbkPpPugoA0&gs_ssp=eJzj4tTP1TcwtMwpKzNg9OJOzi_KzCvJyEzMKwYAWeYH-Q&oq=cori&gs_lp=Egxnd3Mtd2l6LXNlcnAiBGNvcmkqAggAMg0QLhiABBixAxhDGIoFMhAQLhiABBixAxhDGIMBGIoFMgoQABiABBhDGIoFMg0QABiABBixAxhDGIoFMgoQLhiABBhDGIoFMgoQABiABBhDGIoFMg0QABiABBixAxhDGIoFMgoQLhiABBhDGIoFMgoQABiABBhDGIoFMgoQABiABBhDGIoFMhwQLhiABBixAxhDGIoFGJcFGNwEGN4EGOAE2AEBSOMUUKsEWMwIcAJ4AZABAJgBlQGgAa4EqgEDMC40uAEDyAEA-AEBmAIGoALNBMICBxAjGLADGCfCAgoQABiwAxjWBBhHwgINEAAYgAQYsAMYQxiKBcICChAjGIAEGCcYigXCAhYQLhiABBixAxjRAxhDGIMBGMcBGIoFwgIQEAAYgAQYsQMYQxiDARiKBcICCxAuGIAEGLEDGIMBwgIIEAAYgAQYsQPCAgUQABiABMICDhAuGIAEGLEDGNEDGMcBwgITEC4YgAQY0QMYQxjHARjJAxiKBcICEBAuGIAEGNEDGEMYxwEYigXCAgsQABiABBiSAxiKBZgDAIgGAZAGCroGBggBEAEYFJIHAzIuNKAH2EqyBwMwLjS4B8MEwgcFMC4xLjXIBxg&sclient=gws-wiz-serp#sie=t;/m/019lvv;2;/m/0fnk7q;bbbs;hd;;;;2025-12-07T12:00:00Z&wptab=si:AMgyJEsE-G7y0rTWzqlNG2GzIAm8kgSdMFRrzlF2sZ_XYkLUH_IhXM5xC2YnC-WhQS_PCIUFZRm1g8PnLvXExVYUGgTdclAQpRapSJvZ5l5B6sGoe3n5fgIPeCHgY6D5EywuaNheAmBjbyKpC1VTLtud9ETq_tj63tKgLt_vTTgZTfSzUuPUwyknNjnkM_iyhQcQBkj3Y-XmNw1jW2ow96CQxNxFGh05azNtjXxlDSELGKoe3uceBIE%3D,https://www.google.com/search?q=corinthians&sca_esv=fe30fb440f0045d3&sxsrf=AE3TifM_lM4Vq0w6P3d0NYthPXBAOUMMiw%3A1758777093099&ei=Bc_UaKHsBb6bwbkPpPugoA0&gs_ssp=eJzj4tTP1TcwtMwpKzNg9OJOzi_KzCvJyEzMKwYAWeYH-Q&oq=cori&gs_lp=Egxnd3Mtd2l6LXNlcnAiBGNvcmkqAggAMg0QLhiABBixAxhDGIoFMhAQLhiABBixAxhDGIMBGIoFMgoQABiABBhDGIoFMg0QABiABBixAxhDGIoFMgoQLhiABBhDGIoFMgoQABiABBhDGIoFMg0QABiABBixAxhDGIoFMgoQLhiABBhDGIoFMgoQABiABBhDGIoFMgoQABiABBhDGIoFMhwQLhiABBixAxhDGIoFGJcFGNwEGN4EGOAE2AEBSOMUUKsEWMwIcAJ4AZABAJgBlQGgAa4EqgEDMC40uAEDyAEA-AEBmAIGoALNBMICBxAjGLADGCfCAgoQABiwAxjWBBhHwgINEAAYgAQYsAMYQxiKBcICChAjGIAEGCcYigXCAhYQLhiABBixAxjRAxhDGIMBGMcBGIoFwgIQEAAYgAQYsQMYQxiDARiKBcICCxAuGIAEGLEDGIMBwgIIEAAYgAQYsQPCAgUQABiABMICDhAuGIAEGLEDGNEDGMcBwgITEC4YgAQY0QMYQxjHARjJAxiKBcICEBAuGIAEGNEDGEMYxwEYigXCAgsQABiABBiSAxiKBZgDAIgGAZAGCroGBggBEAEYFJIHAzIuNKAH2EqyBwMwLjS4B8MEwgcFMC4xLjXIBxg&sclient=gws-wiz-serp#sie=m;/g/11x0541nm_;2;/m/0fnk7q;dt;fp;1;;;&wptab=si:AMgyJEsE-G7y0rTWzqlNG2GzIAm8kgSdMFRrzlF2sZ_XYkLUH_IhXM5xC2YnC-WhQS_PCIUFZRm1g8PnLvXExVYUGgTdclAQpRapSJvZ5l5B6sGoe3n5fgIPeCHgY6D5EywuaNheAmBjbyKpC1VTLtud9ETq_tj63tKgLt_vTTgZTfSzUuPUwyknNjnkM_iyhQcQBkj3Y-XmNw1jW2ow96CQxNxFGh05azNtjXxlDSELGKoe3uceBIE%3D
Palmeiras,https://www.google.com/search?q=palmeiras&sca_esv=287ca369918f8ab1&sxsrf=AE3TifM91J5iFPVKfZF0bqb7-hNdCcKWhw%3A1758780349569&ei=vdvUaKDBIq6IwbkP0vP1-QM&ved=0ahUKEwjgk-Wvn_OPAxUuRDABHdJ5PT8Q4dUDCBA&uact=5&oq=palmeiras&gs_lp=Egxnd3Mtd2l6LXNlcnAiCXBhbG1laXJhczIVEC4YgAQYsQMYQxiDARhGGIoFGP0BMhAQABiABBixAxhDGIMBGIoFMgoQABiABBhDGIoFMg4QABiABBixAxiDARiKBTIKEAAYgAQYQxiKBTIKEAAYgAQYQxiKBTIKEAAYgAQYQxiKBTIEEAAYAzIKEAAYgAQYQxiKBTIOEAAYgAQYsQMYgwEYigUyIRAAGIAEGLEDGEMYgwEYRhiKBRj9ARiXBRiMBRjdBNgBAUiVGFCXB1jXFnADeAGQAQCYAZ4BoAG7DKoBBDAuMTG4AQPIAQD4AQGYAg6gAvMMqAISwgIKECMYgAQYJxiKBcICBRAAGIAEwgIIEAAYgAQYsQPCAgsQLhiABBixAxiDAcICCxAAGIAEGLEDGIMBwgIHECMYJxjqAsICBxAuGCcY6gLCAhYQLhiABBhDGLQCGMgDGIoFGOoC2AEBwgIKEC4YgAQYQxiKBcICEBAuGIAEGLEDGEMYgwEYigXCAh8QLhiABBixAxhDGIMBGIoFGJcFGNwEGN4EGOAE2AEBmAMG8QVQicO8RYzW5boGBggBEAEYCJIHBDMuMTGgB99psgcEMC4xMbgH5wzCBwUwLjUuOcgHLQ&sclient=gws-wiz-serp#sie=t;/m/019lwb;2;/m/0fnk7q;bbbs;hd;;;;2025-12-07T12:00:00Z&wptab=si:AMgyJEsE-G7y0rTWzqlNG2GzIAm8kgSdMFRrzlF2sZ_XYkLUH_IhXM5xC2YnC-WhQS_PCIUFZRm1g8PnLvXExVYUGgTdclAQpRapSJvZ5l5B6sGoe3n5fgIPeCHgY6D5EywuaNheAmBjbyKpC1VTLtud9ETqLrqMUJxYRgHKym08JALf2rMi68VejY7E9laKARFsIEB5Q1izUyMGpo6Tdff_N26J25Gs0lAa4g3h0zzBHd5vj2zPGP8%3D,https://www.google.com/search?q=palmeiras&sca_esv=287ca369918f8ab1&sxsrf=AE3TifM91J5iFPVKfZF0bqb7-hNdCcKWhw%3A1758780349569&ei=vdvUaKDBIq6IwbkP0vP1-QM&ved=0ahUKEwjgk-Wvn_OPAxUuRDABHdJ5PT8Q4dUDCBA&uact=5&oq=palmeiras&gs_lp=Egxnd3Mtd2l6LXNlcnAiCXBhbG1laXJhczIVEC4YgAQYsQMYQxiDARhGGIoFGP0BMhAQABiABBixAxhDGIMBGIoFMgoQABiABBhDGIoFMg4QABiABBixAxiDARiKBTIKEAAYgAQYQxiKBTIKEAAYgAQYQxiKBTIKEAAYgAQYQxiKBTIEEAAYAzIKEAAYgAQYQxiKBTIOEAAYgAQYsQMYgwEYigUyIRAAGIAEGLEDGEMYgwEYRhiKBRj9ARiXBRiMBRjdBNgBAUiVGFCXB1jXFnADeAGQAQCYAZ4BoAG7DKoBBDAuMTG4AQPIAQD4AQGYAg6gAvMMqAISwgIKECMYgAQYJxiKBcICBRAAGIAEwgIIEAAYgAQYsQPCAgsQLhiABBixAxiDAcICCxAAGIAEGLEDGIMBwgIHECMYJxjqAsICBxAuGCcY6gLCAhYQLhiABBhDGLQCGMgDGIoFGOoC2AEBwgIKEC4YgAQYQxiKBcICEBAuGIAEGLEDGEMYgwEYigXCAh8QLhiABBixAxhDGIMBGIoFGJcFGNwEGN4EGOAE2AEBmAMG8QVQicO8RYzW5boGBggBEAEYCJIHBDMuMTGgB99psgcEMC4xMbgH5wzCBwUwLjUuOcgHLQ&sclient=gws-wiz-serp#sie=m;/g/11l_5jk2jh;2;/m/0fnk7q;dt;fp;1;;;&wptab=si:AMgyJEsE-G7y0rTWzqlNG2GzIAm8kgSdMFRrzlF2sZ_XYkLUH_IhXM5xC2YnC-WhQS_PCIUFZRm1g8PnLvXExVYUGgTdclAQpRapSJvZ5l5B6sGoe3n5fgIPeCHgY6D5EywuaNheAmBjbyKpC1VTLtud9ETqLrqMUJxYRgHKym08JALf2rMi68VejY7E9laKARFsIEB5Q1izUyMGpo6Tdff_N26J25Gs0lAa4g3h0zzBHd5vj2zPGP8%3D
Fluminense,https://www.google.com/search?sca_esv=e2c71ab81425b6e6&cs=1&sxsrf=AE3TifOTITCkka769-AeUoYb58i-Lv0UJA:1758780965886&q=Fluminense+Football+Club&stick=H4sIAAAAAAAAAONgVuLUz9U3MLTMtcx4xGjCLfDyxz1hKe1Ja05eY1Tl4grOyC93zSvJLKkUEudig7J4pbi5ELp4FrFKuOWU5mbmpeYVpyq45eeXJCXm5Cg455QmAQDEgNw-XwAAAA&ved=2ahUKEwis0NTVofOPAxUiQzABHcWMM9kQukt6BAgCEAs#sie=t;/m/019m9h;2;/m/0fnk7q;bbbs;hd;;;;2026-02-07T12:00:00Z&wptab=si:AMgyJEsE-G7y0rTWzqlNG2GzIAm8kgSdMFRrzlF2sZ_XYkLUH_IhXM5xC2YnC-WhQS_PCIUFZRm1g8PnLvXExVYUGgTdclAQpRapSJvZ5l5B6sGoe3n5fgIPeCHgY6D5EywuaNheAmBjbyKpC1VTLtud9ETqKOlecrzaUVmbcob1_oaIETLZeZ0PAToG5qh8_FY3cTH7PHKKhRg6Y4hZLaDFH67Yc9PILFVlN3gJY6GM8-de_e-mt_A%3D,https://www.google.com/search?sca_esv=e2c71ab81425b6e6&cs=1&sxsrf=AE3TifOTITCkka769-AeUoYb58i-Lv0UJA:1758780965886&q=Fluminense+Football+Club&stick=H4sIAAAAAAAAAONgVuLUz9U3MLTMtcx4xGjCLfDyxz1hKe1Ja05eY1Tl4grOyC93zSvJLKkUEudig7J4pbi5ELp4FrFKuOWU5mbmpeYVpyq45eeXJCXm5Cg455QmAQDEgNw-XwAAAA&ved=2ahUKEwis0NTVofOPAxUiQzABHcWMM9kQukt6BAgCEAs#sie=m;/g/11x0548s6p;2;/m/0fnk7q;dt;fp;1;;;&wptab=si:AMgyJEsE-G7y0rTWzqlNG2GzIAm8kgSdMFRrzlF2sZ_XYkLUH_IhXM5xC2YnC-WhQS_PCIUFZRm1g8PnLvXExVYUGgTdclAQpRapSJvZ5l5B6sGoe3n5fgIPeCHgY6D5EywuaNheAmBjbyKpC1VTLtud9ETqKOlecrzaUVmbcob1_oaIETLZeZ0PAToG5qh8_FY3cTH7PHKKhRg6Y4hZLaDFH67Yc9PILFVlN3gJY6GM8-de_e-mt_A%3D
Girona,https://www.google.com/search?sca_esv=421eaf0524372ec9&cs=1&sxsrf=AE3TifOc_kZOy4ys5DGWRDC-86lLITWMzw:1758858680689&q=Girona+Futbol+Club&stick=H4sIAAAAAAAAAONgVuLUz9U3SC62KE56xGjCLfDyxz1hKe1Ja05eY1Tl4grOyC93zSvJLKkUEudig7J4pbi5ELp4FrEKuWcW5eclKriVliTl5yg455QmAQAgFoL1WQAAAA&ved=2ahUKEwjk_vuWw_WPAxX3TDABHcO0ADEQukt6BAgCEAo#sie=t;/m/0cs8sb;2;/m/09gqx;bbbs;hd;;;;2026-03-01T12:00:00Z&wptab=si:AMgyJEsE-G7y0rTWzqlNG2GzIAm8kgSdMFRrzlF2sZ_XYkLUH_IhXM5xC2YnC-WhQS_PCIUFZRm1g8PnLvXExVYUGgTdclAQpRapSJvZ5l5B6sGoe3n5fgIPeCHgY6D5EywuaNheAmBjbyKpC1VTLtud9ETqPpERvSk4KtZVAo14Rqn_9N-FhL9a8WeG8kU_mLzszh84yRDoR8MCnyC3EAKAX4hOW5PGP6ZC8IPMb9wlT3B5YExUseE%3D,https://www.google.com/search?sca_esv=421eaf0524372ec9&cs=1&sxsrf=AE3TifOc_kZOy4ys5DGWRDC-86lLITWMzw:1758858680689&q=Girona+Futbol+Club&stick=H4sIAAAAAAAAAONgVuLUz9U3SC62KE56xGjCLfDyxz1hKe1Ja05eY1Tl4grOyC93zSvJLKkUEudig7J4pbi5ELp4FrEKuWcW5eclKriVliTl5yg455QmAQAgFoL1WQAAAA&ved=2ahUKEwjk_vuWw_WPAxX3TDABHcO0ADEQukt6BAgCEAo#sie=m;/g/11yfns8ny2;2;/m/09gqx;dt;fp;1;;;&wptab=si:AMgyJEsE-G7y0rTWzqlNG2GzIAm8kgSdMFRrzlF2sZ_XYkLUH_IhXM5xC2YnC-WhQS_PCIUFZRm1g8PnLvXExVYUGgTdclAQpRapSJvZ5l5B6sGoe3n5fgIPeCHgY6D5EywuaNheAmBjbyKpC1VTLtud9ETqPpERvSk4KtZVAo14Rqn_9N-FhL9a8WeG8kU_mLzszh84yRDoR8MCnyC3EAKAX4hOW5PGP6ZC8IPMb9wlT3B5YExUseE%3D
RCD Espanyol,https://www.google.com/search?sca_esv=421eaf0524372ec9&cs=1&sxsrf=AE3TifPPSl0agGlXssgTGEAA-7SQSjxJyw:1758858833085&q=RCD+Espanyol+de+Barcelona&stick=H4sIAAAAAAAAAONgVuLSz9U3MDItqShJf8Royi3w8sc9YSmdSWtOXmNU4-IKzsgvd80rySypFJLgYoOy-KR4uJC08SxilQxydlFwLS5IzKvMz1FISVVwSixKTs3Jz0sEAHgTgY1iAAAA&ved=2ahUKEwj8y9Hfw_WPAxXnRTABHZeHNy4Qukt6BAgCEAs#sie=t;/m/025txtg;2;/m/09gqx;bbbs;hd;;;;2026-03-01T12:00:00Z&wptab=si:AMgyJEuP9uis0-KiFUfO7cYpIxL2HOLjnlQyhHznpg1qViYjfEKE_q49vrOrjimXg6LVhI7IOAzBwjLAIq4IyQFhHvvlbs94kgG9RvvH-XLkHEM75mTSKNDUBbFtTAkQmRmS8lXVfB_oatrbMxrKjdgnXQWgaO9tn7tQoLAjkdGTOTLndGrLH52fCtTxYr3Fcjouu4vuJt3pkw0WmvFxjRrvZmXPMYKZmRBxh_xvIcYPkxc-pfT2pRyhA0LXG8Lr0PXtPmMUUPrh,https://www.google.com/search?sca_esv=421eaf0524372ec9&cs=1&sxsrf=AE3TifPPSl0agGlXssgTGEAA-7SQSjxJyw:1758858833085&q=RCD+Espanyol+de+Barcelona&stick=H4sIAAAAAAAAAONgVuLSz9U3MDItqShJf8Royi3w8sc9YSmdSWtOXmNU4-IKzsgvd80rySypFJLgYoOy-KR4uJC08SxilQxydlFwLS5IzKvMz1FISVVwSixKTs3Jz0sEAHgTgY1iAAAA&ved=2ahUKEwj8y9Hfw_WPAxXnRTABHZeHNy4Qukt6BAgCEAs#sie=m;/g/11xl4pfvkb;2;/m/09gqx;dt;fp;1;;;&wptab=si:AMgyJEuP9uis0-KiFUfO7cYpIxL2HOLjnlQyhHznpg1qViYjfEKE_q49vrOrjimXg6LVhI7IOAzBwjLAIq4IyQFhHvvlbs94kgG9RvvH-XLkHEM75mTSKNDUBbFtTAkQmRmS8lXVfB_oatrbMxrKjdgnXQWgaO9tn7tQoLAjkdGTOTLndGrLH52fCtTxYr3Fcjouu4vuJt3pkw0WmvFxjRrvZmXPMYKZmRBxh_xvIcYPkxc-pfT2pRyhA0LXG8Lr0PXtPmMUUPrh
Getafe,https://www.google.com/search?sca_esv=421eaf0524372ec9&cs=1&sxsrf=AE3TifOeLPpLfxnp8z0WRvrqxFnEn-yhHg:1758860258486&q=Getafe+Club+de+F%C3%BAtbol&stick=H4sIAAAAAAAAAONgVuLUz9U3MC5Jtkh5xGjCLfDyxz1hKe1Ja05eY1Tl4grOyC93zSvJLKkUEudig7J4pbi5ELp4FrGKuaeWJKalKjjnlCYppKQquB3eVZKUnwMAARQb-l0AAAA&ved=2ahUKEwjrhKmHyfWPAxWMVTABHULCJNwQukt6BAgCEBU#sie=t;/m/03tc8d;2;/m/09gqx;bbbs;hd;;;;2026-03-01T12:00:00Z&wptab=si:AMgyJEsE-G7y0rTWzqlNG2GzIAm8kgSdMFRrzlF2sZ_XYkLUH_IhXM5xC2YnC-WhQS_PCIUFZRm1g8PnLvXExVYUGgTdclAQpRapSJvZ5l5B6sGoe3n5fgIPeCHgY6D5EywuaNheAmBjbyKpC1VTLtud9ETqMwg-ShXkZw7AGEKtC94_d6K9UI3kynfPZpGho4F-2ImAPaewQ0RNh0v6vmoQFNQ0AzCGqSVcgUUJka9Wo7lm6JkKUVM%3D,https://www.google.com/search?sca_esv=421eaf0524372ec9&cs=1&sxsrf=AE3TifOeLPpLfxnp8z0WRvrqxFnEn-yhHg:1758860258486&q=Getafe+Club+de+F%C3%BAtbol&stick=H4sIAAAAAAAAAONgVuLUz9U3MC5Jtkh5xGjCLfDyxz1hKe1Ja05eY1Tl4grOyC93zSvJLKkUEudig7J4pbi5ELp4FrGKuaeWJKalKjjnlCYppKQquB3eVZKUnwMAARQb-l0AAAA&ved=2ahUKEwjrhKmHyfWPAxWMVTABHULCJNwQukt6BAgCEBU#sie=m;/g/11xl4k6sqv;2;/m/09gqx;dt;fp;1;;;&wptab=si:AMgyJEsE-G7y0rTWzqlNG2GzIAm8kgSdMFRrzlF2sZ_XYkLUH_IhXM5xC2YnC-WhQS_PCIUFZRm1g8PnLvXExVYUGgTdclAQpRapSJvZ5l5B6sGoe3n5fgIPeCHgY6D5EywuaNheAmBjbyKpC1VTLtud9ETqMwg-ShXkZw7AGEKtC94_d6K9UI3kynfPZpGho4F-2ImAPaewQ0RNh0v6vmoQFNQ0AzCGqSVcgUUJka9Wo7lm6JkKUVM%3D
Levante,https://www.google.com/search?sca_esv=421eaf0524372ec9&cs=1&sxsrf=AE3TifOHsF51YngsvFRRqgYrNNFsWI6NoA:1758860310856&q=Levante+Uni%C3%B3n+Deportiva&stick=H4sIAAAAAAAAAONgVuLUz9U3MMzLys15xGjCLfDyxz1hKe1Ja05eY1Tl4grOyC93zSvJLKkUEudig7J4pbi5ELp4FrFK-KSWJeaVpCqE5mUe3pyn4JJakF9UklmWCADZXdLjXwAAAA&ved=2ahUKEwiVuKWgyfWPAxU1RzABHcXkLeoQukt6BAgCEBY#sie=t;/m/01njml;2;/m/09gqx;bbbs;hd;;;;2026-03-01T12:00:00Z&wptab=si:AMgyJEsE-G7y0rTWzqlNG2GzIAm8kgSdMFRrzlF2sZ_XYkLUH_IhXM5xC2YnC-WhQS_PCIUFZRm1g8PnLvXExVYUGgTdclAQpRapSJvZ5l5B6sGoe3n5fgIPeCHgY6D5EywuaNheAmBjbyKpC1VTLtud9ETqrVSTRamRKQER4GAYwvfS52R291AE-ox3w6F7SGn6L2DOY9bvq5ZxquTiBWARDH8dkYgL6X1J_aoelB8mmHyjOOx77ZA%3D,https://www.google.com/search?sca_esv=421eaf0524372ec9&cs=1&sxsrf=AE3TifOHsF51YngsvFRRqgYrNNFsWI6NoA:1758860310856&q=Levante+Uni%C3%B3n+Deportiva&stick=H4sIAAAAAAAAAONgVuLUz9U3MMzLys15xGjCLfDyxz1hKe1Ja05eY1Tl4grOyC93zSvJLKkUEudig7J4pbi5ELp4FrFK-KSWJeaVpCqE5mUe3pyn4JJakF9UklmWCADZXdLjXwAAAA&ved=2ahUKEwiVuKWgyfWPAxU1RzABHcXkLeoQukt6BAgCEBY#sie=m;/g/11yfns8yr5;2;/m/09gqx;dt;fp;1;;;&wptab=si:AMgyJEsE-G7y0rTWzqlNG2GzIAm8kgSdMFRrzlF2sZ_XYkLUH_IhXM5xC2YnC-WhQS_PCIUFZRm1g8PnLvXExVYUGgTdclAQpRapSJvZ5l5B6sGoe3n5fgIPeCHgY6D5EywuaNheAmBjbyKpC1VTLtud9ETqrVSTRamRKQER4GAYwvfS52R291AE-ox3w6F7SGn6L2DOY9bvq5ZxquTiBWARDH8dkYgL6X1J_aoelB8mmHyjOOx77ZA%3D
Atlético Madrid,https://www.google.com/search?q=atletico+de+madrid&sca_esv=421eaf0524372ec9&sxsrf=AE3TifNR-cYwUa7M5JjWtFw7QSRSv5TCow%3A1758860019871&ei=8xLWaP_1NMaVwbkPrI6JoA8&gs_ssp=eJzj4tDP1TfISTcvM2D0EkosyUktyUzOV0hJVchNTCnKTAEAkCUJ6g&oq=at&gs_lp=Egxnd3Mtd2l6LXNlcnAiAmF0KgIIBDIKECMYgAQYJxiKBTIEECMYJzIKEC4YgAQYQxiKBTIKEAAYgAQYQxiKBTINEC4YgAQYsQMYQxiKBTIKEAAYgAQYQxiKBTIKEAAYgAQYQxiKBTIKEAAYgAQYQxiKBTIKEAAYgAQYFBiHAjIIEC4YgAQYsQMyHBAuGIAEGLEDGEMYigUYlwUY3AQY3gQY4ATYAQFI0hRQnQVYpQhwAngBkAEAmAGqAaAB5AOqAQMwLjO4AQHIAQD4AQGYAgagAoAQwgIFEAAYgATCAggQABiABBixA5gDALoGBggBEAEYFJIHBzIuMy43LTGgB4oqsgcDMC4zuAf8A8IHBTItNS4xyAcf&sclient=gws-wiz-serp#sie=t;/m/0lg7v;2;/m/09gqx;bbbs;hd;;;;2026-01-18T12:00:00Z&wptab=si:AMgyJEv5NzpsheEOfFD5z3cvcsWUkn1YqeiLIVx31TJ5FrLm8U22OVpbeROe1aeUI1nUE6g7UP2C_OBxdJxtOsw_3ovXc94VSr9hB2S36N_fZ0tgEpSrm-gdcVTWhUI5X4WMqQgyOQKoim5FJhpe1TnUhkGZ39nAV0-iPTKzSYRUKl54r5--ys-FdvSoly2MigjD2pDQqyewLPjkc8hvFQYYAWazLI4TEmT02LFOQDznD_AGp0axMvs%3D,https://www.google.com/search?q=atletico+de+madrid&sca_esv=421eaf0524372ec9&sxsrf=AE3TifNR-cYwUa7M5JjWtFw7QSRSv5TCow%3A1758860019871&ei=8xLWaP_1NMaVwbkPrI6JoA8&gs_ssp=eJzj4tDP1TfISTcvM2D0EkosyUktyUzOV0hJVchNTCnKTAEAkCUJ6g&oq=at&gs_lp=Egxnd3Mtd2l6LXNlcnAiAmF0KgIIBDIKECMYgAQYJxiKBTIEECMYJzIKEC4YgAQYQxiKBTIKEAAYgAQYQxiKBTINEC4YgAQYsQMYQxiKBTIKEAAYgAQYQxiKBTIKEAAYgAQYQxiKBTIKEAAYgAQYQxiKBTIKEAAYgAQYFBiHAjIIEC4YgAQYsQMyHBAuGIAEGLEDGEMYigUYlwUY3AQY3gQY4ATYAQFI0hRQnQVYpQhwAngBkAEAmAGqAaAB5AOqAQMwLjO4AQHIAQD4AQGYAgagAoAQwgIFEAAYgATCAggQABiABBixA5gDALoGBggBEAEYFJIHBzIuMy43LTGgB4oqsgcDMC4zuAf8A8IHBTItNS4xyAcf&sclient=gws-wiz-serp#sie=m;/g/11xl4pgksm;2;/m/09gqx;dt;fp;1;;;&wptab=si:AMgyJEv5NzpsheEOfFD5z3cvcsWUkn1YqeiLIVx31TJ5FrLm8U22OVpbeROe1aeUI1nUE6g7UP2C_OBxdJxtOsw_3ovXc94VSr9hB2S36N_fZ0tgEpSrm-gdcVTWhUI5X4WMqQgyOQKoim5FJhpe1TnUhkGZ39nAV0-iPTKzSYRUKl54r5--ys-FdvSoly2MigjD2pDQqyewLPjkc8hvFQYYAWazLI4TEmT02LFOQDznD_AGp0axMvs%3D
Real Madrid,https://www.google.com/search?gs_ssp=eJzj4tDP1TcwyzEyMmD04i5KTcxRyE1MKcpMAQBJRQbP&q=real+madrid&oq=Real+mad&gs_lcrp=EgZjaHJvbWUqDAgBEC4YJxiABBiKBTIGCAAQRRg5MgwIARAuGCcYgAQYigUyDAgCECMYJxiABBiKBTIMCAMQLhhDGIAEGIoFMhIIBBAAGEMYgwEYsQMYgAQYigUyEggFEAAYQxiDARixAxiABBiKBTIMCAYQABhDGIAEGIoFMgwIBxAAGEMYgAQYigUyEggIEAAYQxiDARixAxiABBiKBTIHCAkQABiPAtIBCDY2OTZqMGo5qAIAsAIA&sourceid=chrome&ie=UTF-8#sie=t;/m/06l22;2;/m/09gqx;bbbs;hd;;;;2026-01-18T12:00:00Z&wptab=si:AMgyJEv5NzpsheEOfFD5z3cvcsWUkn1YqeiLIVx31TJ5FrLm8U22OVpbeROe1aeUI1nUE6g7UP2C_OBxdJxtOsw_3ovXc94VSr9hB2S36N_fZ0tgEpSrm-gdcVTWhUI5X4WMqQgyOQKoim5FJhpe1TnUhkGZU1LD8o-smgFN0SjokscfiEwk0niD595ncZKS3LZ6NnRk8-PoIHd8NtGdLy37RkctW3stOwrXAxXrcdswLDJI-LDbsf8%3D,https://www.google.com/search?gs_ssp=eJzj4tDP1TcwyzEyMmD04i5KTcxRyE1MKcpMAQBJRQbP&q=real+madrid&oq=Real+mad&gs_lcrp=EgZjaHJvbWUqDAgBEC4YJxiABBiKBTIGCAAQRRg5MgwIARAuGCcYgAQYigUyDAgCECMYJxiABBiKBTIMCAMQLhhDGIAEGIoFMhIIBBAAGEMYgwEYsQMYgAQYigUyEggFEAAYQxiDARixAxiABBiKBTIMCAYQABhDGIAEGIoFMgwIBxAAGEMYgAQYigUyEggIEAAYQxiDARixAxiABBiKBTIHCAkQABiPAtIBCDY2OTZqMGo5qAIAsAIA&sourceid=chrome&ie=UTF-8#sie=m;/g/11yfns8yr5;2;/m/09gqx;dt;fp;1;;;&wptab=si:AMgyJEv5NzpsheEOfFD5z3cvcsWUkn1YqeiLIVx31TJ5FrLm8U22OVpbeROe1aeUI1nUE6g7UP2C_OBxdJxtOsw_3ovXc94VSr9hB2S36N_fZ0tgEpSrm-gdcVTWhUI5X4WMqQgyOQKoim5FJhpe1TnUhkGZU1LD8o-smgFN0SjokscfiEwk0niD595ncZKS3LZ6NnRk8-PoIHd8NtGdLy37RkctW3stOwrXAxXrcdswLDJI-LDbsf8%3D
R.C.D. Mallorca,https://www.google.com/search?q=rcd+mallorca&sca_esv=1be9f2246bcf563b&sxsrf=AE3TifOQLKx-JS8D1Sx6Nzs2IC5X--tWYA%3A1758861865583&ei=KRrWaMSwI-CXwbkPur-e4A0&gs_ssp=eJzj4tTP1TcwLCtMNjdg9OIpSk5RyE3MyckvSk4EAF68B-w&oq=RCD+MA&gs_lp=Egxnd3Mtd2l6LXNlcnAiBlJDRCBNQSoCCAEyChAAGIAEGEMYigUyEBAuGIAEGLEDGEMYgwEYigUyChAAGIAEGEMYigUyBRAAGIAEMgUQABiABDIFEAAYgAQyBRAAGIAEMgUQABiABDIFEAAYgAQyBRAAGIAESNsaULcIWOQPcAJ4AZABAJgBsQGgAYEJqgEDMC43uAEDyAEA-AEBmAIJoAK2CcICChAjGIAEGCcYigXCAhAQABiABBixAxhDGIMBGIoFwgIKEAAYgAQYFBiHAsICCxAAGIAEGLEDGIMBwgIEECMYJ8ICDRAuGIAEGLEDGEMYigXCAgoQLhiABBhDGIoFwgIEEAAYA5gDAJIHAzIuN6AHnEeyBwMwLje4B68JwgcFMC4xLjjIByk&sclient=gws-wiz-serp#sie=t;/m/01vqc7;2;/m/09gqx;bbbs;hd;;;;2026-03-01T12:00:00Z&wptab=si:AMgyJEsE-G7y0rTWzqlNG2GzIAm8kgSdMFRrzlF2sZ_XYkLUH_IhXM5xC2YnC-WhQS_PCIUFZRm1g8PnLvXExVYUGgTdclAQpRapSJvZ5l5B6sGoe3n5fgIPeCHgY6D5EywuaNheAmBjbyKpC1VTLtud9ETqs-hRTcHusCf7OLs6biFxLrxsZO1MuLcAb-AQ2BqOShFXTY4loSAWZC4Z674Rivr5Lp0VDlx9_3v4DOJ5vbUk12uCr4s%3D,https://www.google.com/search?q=rcd+mallorca&sca_esv=1be9f2246bcf563b&sxsrf=AE3TifOQLKx-JS8D1Sx6Nzs2IC5X--tWYA%3A1758861865583&ei=KRrWaMSwI-CXwbkPur-e4A0&gs_ssp=eJzj4tTP1TcwLCtMNjdg9OIpSk5RyE3MyckvSk4EAF68B-w&oq=RCD+MA&gs_lp=Egxnd3Mtd2l6LXNlcnAiBlJDRCBNQSoCCAEyChAAGIAEGEMYigUyEBAuGIAEGLEDGEMYgwEYigUyChAAGIAEGEMYigUyBRAAGIAEMgUQABiABDIFEAAYgAQyBRAAGIAEMgUQABiABDIFEAAYgAQyBRAAGIAESNsaULcIWOQPcAJ4AZABAJgBsQGgAYEJqgEDMC43uAEDyAEA-AEBmAIJoAK2CcICChAjGIAEGCcYigXCAhAQABiABBixAxhDGIMBGIoFwgIKEAAYgAQYFBiHAsICCxAAGIAEGLEDGIMBwgIEECMYJ8ICDRAuGIAEGLEDGEMYigXCAgoQLhiABBhDGIoFwgIEEAAYA5gDAJIHAzIuN6AHnEeyBwMwLje4B68JwgcFMC4xLjjIByk&sclient=gws-wiz-serp#sie=m;/g/11xl4crp1d;2;/m/09gqx;dt;fp;1;;;&wptab=si:AMgyJEsE-G7y0rTWzqlNG2GzIAm8kgSdMFRrzlF2sZ_XYkLUH_IhXM5xC2YnC-WhQS_PCIUFZRm1g8PnLvXExVYUGgTdclAQpRapSJvZ5l5B6sGoe3n5fgIPeCHgY6D5EywuaNheAmBjbyKpC1VTLtud9ETqs-hRTcHusCf7OLs6biFxLrxsZO1MuLcAb-AQ2BqOShFXTY4loSAWZC4Z674Rivr5Lp0VDlx9_3v4DOJ5vbUk12uCr4s%3D
Alavés,https://www.google.com/search?q=alaves+vs&oq=Alaves+vs&gs_lcrp=EgZjaHJvbWUqDwgAEAAYQxixAxiABBiKBTIPCAAQABhDGLEDGIAEGIoFMgwIARAAGEMYgAQYigUyDAgCEAAYFBiHAhiABDIMCAMQABhDGIAEGIoFMgcIBBAAGIAEMgwIBRAAGEMYgAQYigUyBwgGEAAYgAQyBwgHEC4YgAQyBwgIEAAYgAQyBwgJEAAYgATSAQgxNTgxajBqOagCALACAA&sourceid=chrome&ie=UTF-8#sie=t;/m/03tcwm;2;/m/09gqx;bbbs;hd;;;;2026-03-01T12:00:00Z&wptab=si:AMgyJEsE-G7y0rTWzqlNG2GzIAm8kgSdMFRrzlF2sZ_XYkLUH_IhXM5xC2YnC-WhQS_PCIUFZRm1g8PnLvXExVYUGgTdclAQpRapSJvZ5l5B6sGoe3n5fgIPeCHgY6D5EywuaNheAmBjbyKpC1VTLtud9ETqJ_t_8jiAjVvO6LGyDDiHCmH6CIWZNH_sm7m5Hs839N5JuEyuP6nEypeaEFSrVtJCO8-qn9SdgbRQ4EryDTgwZsaoU9Q%3D,https://www.google.com/search?q=alaves+vs&oq=Alaves+vs&gs_lcrp=EgZjaHJvbWUqDwgAEAAYQxixAxiABBiKBTIPCAAQABhDGLEDGIAEGIoFMgwIARAAGEMYgAQYigUyDAgCEAAYFBiHAhiABDIMCAMQABhDGIAEGIoFMgcIBBAAGIAEMgwIBRAAGEMYgAQYigUyBwgGEAAYgAQyBwgHEC4YgAQyBwgIEAAYgAQyBwgJEAAYgATSAQgxNTgxajBqOagCALACAA&sourceid=chrome&ie=UTF-8#sie=m;/g/11xl4k6sqv;2;/m/09gqx;dt;fp;1;;;&wptab=si:AMgyJEsE-G7y0rTWzqlNG2GzIAm8kgSdMFRrzlF2sZ_XYkLUH_IhXM5xC2YnC-WhQS_PCIUFZRm1g8PnLvXExVYUGgTdclAQpRapSJvZ5l5B6sGoe3n5fgIPeCHgY6D5EywuaNheAmBjbyKpC1VTLtud9ETqJ_t_8jiAjVvO6LGyDDiHCmH6CIWZNH_sm7m5Hs839N5JuEyuP6nEypeaEFSrVtJCO8-qn9SdgbRQ4EryDTgwZsaoU9Q%3D
Athletic,https://www.google.com/search?sca_esv=1be9f2246bcf563b&cs=1&sxsrf=AE3TifMVh5E2QvvK3dKZSh44FXkV0Z4_xw:1758863657989&q=Athletic+Club&stick=H4sIAAAAAAAAAONgVuLQz9U3yC4vM3rEaMwt8PLHPWEprUlrTl5jVOHiCs7IL3fNK8ksqRQS42KDsnikuLjgmngWsfI6lmTkpJZkJis455QmAQCUYMSQUgAAAA&ved=2ahUKEwiUm6rc1fWPAxXLSjABHVp9FW4Qukt6BAgCEAs#sie=t;/m/0kwv2;2;/m/09gqx;bbbs;hd;;;;2026-01-18T12:00:00Z&wptab=si:AMgyJEv5NzpsheEOfFD5z3cvcsWUkn1YqeiLIVx31TJ5FrLm8U22OVpbeROe1aeUI1nUE6g7UP2C_OBxdJxtOsw_3ovXc94VSr9hB2S36N_fZ0tgEpSrm-gdcVTWhUI5X4WMqQgyOQKoim5FJhpe1TnUhkGZ-atJgPOLHofzYJcBzMmu0ehdwop1dTBQbuthtGgYfjBeq6jCJOJMgKDDpM8sLK1-yEuACE4MxRLzRizs4TOrY9cfQnY%3D,https://www.google.com/search?sca_esv=1be9f2246bcf563b&cs=1&sxsrf=AE3TifMVh5E2QvvK3dKZSh44FXkV0Z4_xw:1758863657989&q=Athletic+Club&stick=H4sIAAAAAAAAAONgVuLQz9U3yC4vM3rEaMwt8PLHPWEprUlrTl5jVOHiCs7IL3fNK8ksqRQS42KDsnikuLjgmngWsfI6lmTkpJZkJis455QmAQCUYMSQUgAAAA&ved=2ahUKEwiUm6rc1fWPAxXLSjABHVp9FW4Qukt6BAgCEAs#sie=m;/g/11yfns8ny2;2;/m/09gqx;dt;fp;1;;;&wptab=si:AMgyJEv5NzpsheEOfFD5z3cvcsWUkn1YqeiLIVx31TJ5FrLm8U22OVpbeROe1aeUI1nUE6g7UP2C_OBxdJxtOsw_3ovXc94VSr9hB2S36N_fZ0tgEpSrm-gdcVTWhUI5X4WMqQgyOQKoim5FJhpe1TnUhkGZ-atJgPOLHofzYJcBzMmu0ehdwop1dTBQbuthtGgYfjBeq6jCJOJMgKDDpM8sLK1-yEuACE4MxRLzRizs4TOrY9cfQnY%3D
Villarreal,https://www.google.com/search?q=villarreal&sca_esv=1be9f2246bcf563b&cs=1&sxsrf=AE3TifNBSTnC-hPfSMoH2waZaELnbn3uMA%3A1758863659441&ei=KyHWaOHTGuOawbkPpfGF4A0&oq=villareal&gs_lp=Egxnd3Mtd2l6LXNlcnAiCXZpbGxhcmVhbCoCCAAyDxAuGIAEGLEDGEYYChj9ATIKEAAYgAQYsQMYCjIKEC4YgAQYsQMYCjIHEAAYgAQYCjIHEAAYgAQYCjIHEAAYgAQYCjIHEAAYgAQYCjIHEAAYgAQYCjIHEC4YgAQYCjIKEAAYgAQYFBiHAkiHJFCvCFiZE3ACeAGQAQCYAaUBoAHqC6oBBDAuMTC4AQPIAQD4AQGYAg6gAosfwgIKECMYgAQYJxiKBcICBRAAGIAEwgIKEAAYgAQYQxiKBcICBBAAGAPCAgQQIxgnwgIKEC4YgAQYQxiKBcICCBAAGIAEGLEDwgINEC4YgAQYQxjUAhiKBcICCxAuGIAEGLEDGIMBwgIFEC4YgATCAg0QABiABBixAxhDGIoFwgIOEC4YgAQYsQMYxwEYrwHCAggQLhiABBixA8ICGRAuGIAEGEMYigUYlwUY3AQY3gQY4ATYAQHCAg0QLhiABBixAxhDGIoFwgILEC4YgAQYsQMYigXCAhwQLhiABBixAxhDGIoFGJcFGNwEGN4EGOAE2AEBwgIQEAAYgAQYsQMYQxiDARiKBcICGRAuGIAEGLEDGAoYlwUY3AQY3gQY4ATYAQHCAhsQABiABBixAxhGGAoY_QEYlwUYjAUY3QTYAQGYAwC6BgYIARABGBSSBwgyLjEwLjctMqAHmKMBsgcEMC4xMLgHlQzCBwUwLjguNsgHKQ&sclient=gws-wiz-serp#sie=t;/m/03tck1;2;/m/09gqx;bbbs;hd;;;;2026-01-20T20:00:00Z&wptab=si:AMgyJEsE-G7y0rTWzqlNG2GzIAm8kgSdMFRrzlF2sZ_XYkLUH_IhXM5xC2YnC-WhQS_PCIUFZRm1g8PnLvXExVYUGgTdclAQpRapSJvZ5l5B6sGoe3n5fgIPeCHgY6D5EywuaNheAmBjbyKpC1VTLtud9ETqIQsxXDjnmBQ2hLldRoE7cLDgvBnSS5Exn0K1YmHdCQM0YlaBsC7ARuRaPdGeGaWBlIHlDB0qNepaNfy16ozlEVoVc9KfxhClsGoNu9MY4dCVlDd8,https://www.google.com/search?q=villarreal&sca_esv=1be9f2246bcf563b&cs=1&sxsrf=AE3TifNBSTnC-hPfSMoH2waZaELnbn3uMA%3A1758863659441&ei=KyHWaOHTGuOawbkPpfGF4A0&oq=villareal&gs_lp=Egxnd3Mtd2l6LXNlcnAiCXZpbGxhcmVhbCoCCAAyDxAuGIAEGLEDGEYYChj9ATIKEAAYgAQYsQMYCjIKEC4YgAQYsQMYCjIHEAAYgAQYCjIHEAAYgAQYCjIHEAAYgAQYCjIHEAAYgAQYCjIHEAAYgAQYCjIHEC4YgAQYCjIKEAAYgAQYFBiHAkiHJFCvCFiZE3ACeAGQAQCYAaUBoAHqC6oBBDAuMTC4AQPIAQD4AQGYAg6gAosfwgIKECMYgAQYJxiKBcICBRAAGIAEwgIKEAAYgAQYQxiKBcICBBAAGAPCAgQQIxgnwgIKEC4YgAQYQxiKBcICCBAAGIAEGLEDwgINEC4YgAQYQxjUAhiKBcICCxAuGIAEGLEDGIMBwgIFEC4YgATCAg0QABiABBixAxhDGIoFwgIOEC4YgAQYsQMYxwEYrwHCAggQLhiABBixA8ICGRAuGIAEGEMYigUYlwUY3AQY3gQY4ATYAQHCAg0QLhiABBixAxhDGIoFwgILEC4YgAQYsQMYigXCAhwQLhiABBixAxhDGIoFGJcFGNwEGN4EGOAE2AEBwgIQEAAYgAQYsQMYQxiDARiKBcICGRAuGIAEGLEDGAoYlwUY3AQY3gQY4ATYAQHCAhsQABiABBixAxhGGAoY_QEYlwUYjAUY3QTYAQGYAwC6BgYIARABGBSSBwgyLjEwLjctMqAHmKMBsgcEMC4xMLgHlQzCBwUwLjguNsgHKQ&sclient=gws-wiz-serp#sie=m;/g/11xl4phmms;2;/m/09gqx;dt;fp;1;;;&wptab=si:AMgyJEsE-G7y0rTWzqlNG2GzIAm8kgSdMFRrzlF2sZ_XYkLUH_IhXM5xC2YnC-WhQS_PCIUFZRm1g8PnLvXExVYUGgTdclAQpRapSJvZ5l5B6sGoe3n5fgIPeCHgY6D5EywuaNheAmBjbyKpC1VTLtud9ETqIQsxXDjnmBQ2hLldRoE7cLDgvBnSS5Exn0K1YmHdCQM0YlaBsC7ARuRaPdGeGaWBlIHlDB0qNepaNfy16ozlEVoVc9KfxhClsGoNu9MY4dCVlDd8
Bayern,https://www.google.com/search?sca_esv=cd373399a9f9352a&cs=1&sxsrf=AE3TifNkzUMrwaeKi2tQMIcL6xx5kIPLlw:1758865169461&q=Bayern+de+M%C3%BAnich&stick=H4sIAAAAAAAAAONgVuLUz9U3MDQ3LUp-xGjCLfDyxz1hKe1Ja05eY1Tl4grOyC93zSvJLKkUEudig7J4pbi5ELp4FrEKOiVWphblKaSkKvge3pWXmZwBAKyoonVYAAAA&ved=2ahUKEwidkoet2_WPAxX2RDABHW03J2oQukt6BAgCEBU#sie=t;/m/0175rc;2;/m/037169;bbbs;hd;;;;2026-01-17T12:00:00Z&wptab=si:AMgyJEsE-G7y0rTWzqlNG2GzIAm8kgSdMFRrzlF2sZ_XYkLUH_IhXM5xC2YnC-WhQS_PCIUFZRm1g8PnLvXExVYUGgTdclAQpRapSJvZ5l5B6sGoe3n5fgIPeCHgY6D5EywuaNheAmBjbyKpC1VTLtud9ETqA_4ppTpTG0z1EYcsv1vgsGDlRkr7gBM3j52-tdl7f-LuyuHENC8Nc5x5yaWAc6ICP7TYcEOwCCGNysWW4cMLGQBiESg%3D,https://www.google.com/search?sca_esv=cd373399a9f9352a&cs=1&sxsrf=AE3TifNkzUMrwaeKi2tQMIcL6xx5kIPLlw:1758865169461&q=Bayern+de+M%C3%BAnich&stick=H4sIAAAAAAAAAONgVuLUz9U3MDQ3LUp-xGjCLfDyxz1hKe1Ja05eY1Tl4grOyC93zSvJLKkUEudig7J4pbi5ELp4FrEKOiVWphblKaSkKvge3pWXmZwBAKyoonVYAAAA&ved=2ahUKEwidkoet2_WPAxX2RDABHW03J2oQukt6BAgCEBU#sie=m;/g/11xmp1qnz1;2;/m/037169;dt;fp;1;;;&wptab=si:AMgyJEsE-G7y0rTWzqlNG2GzIAm8kgSdMFRrzlF2sZ_XYkLUH_IhXM5xC2YnC-WhQS_PCIUFZRm1g8PnLvXExVYUGgTdclAQpRapSJvZ5l5B6sGoe3n5fgIPeCHgY6D5EywuaNheAmBjbyKpC1VTLtud9ETqA_4ppTpTG0z1EYcsv1vgsGDlRkr7gBM3j52-tdl7f-LuyuHENC8Nc5x5yaWAc6ICP7TYcEOwCCGNysWW4cMLGQBiESg%3D
Werder Bremen,https://www.google.com/search?cs=1&sca_esv=cd373399a9f9352a&sxsrf=AE3TifMm1vJUeXCf1k_pmgLXdPBSAiB0Jg:1758865487970&q=Werder+Bremen&stick=H4sIAAAAAAAAAONgVuLSz9U3MDIzS0oxfcRoyi3w8sc9YSmdSWtOXmNU4-IKzsgvd80rySypFJLgYoOy-KR4uJC08Sxi5Q1PLUpJLVJwKkrNTc0DAGT6a1lWAAAA&ved=2ahUKEwi_p_fE3PWPAxWKTDABHfAvA9cQukt6BAgCEBY#sie=t;/m/0266bd5;2;/m/037169;bbbs;hd;;;;2026-02-28T12:00:00Z&wptab=si:AMgyJEuP9uis0-KiFUfO7cYpIxL2HOLjnlQyhHznpg1qViYjfEKE_q49vrOrjimXg6LVhI7IOAzBwjLAIq4IyQFhHvvlbs94kgG9RvvH-XLkHEM75mTSKNDUBbFtTAkQmRmS8lXVfB_oatrbMxrKjdgnXQWgbqpGYr_WOY2kSWfN12CaxJMQq8Rl-coF73RW6pN67Ye_r7yfjdcpS-HTFSfVKoKmGB_ux6vj2T7U-JG5d_XeasLLZcU%3D,https://www.google.com/search?cs=1&sca_esv=cd373399a9f9352a&sxsrf=AE3TifMm1vJUeXCf1k_pmgLXdPBSAiB0Jg:1758865487970&q=Werder+Bremen&stick=H4sIAAAAAAAAAONgVuLSz9U3MDIzS0oxfcRoyi3w8sc9YSmdSWtOXmNU4-IKzsgvd80rySypFJLgYoOy-KR4uJC08Sxi5Q1PLUpJLVJwKkrNTc0DAGT6a1lWAAAA&ved=2ahUKEwi_p_fE3PWPAxWKTDABHfAvA9cQukt6BAgCEBY#sie=m;/g/11yfgtt07g;2;/m/037169;dt;fp;1;;;&wptab=si:AMgyJEuP9uis0-KiFUfO7cYpIxL2HOLjnlQyhHznpg1qViYjfEKE_q49vrOrjimXg6LVhI7IOAzBwjLAIq4IyQFhHvvlbs94kgG9RvvH-XLkHEM75mTSKNDUBbFtTAkQmRmS8lXVfB_oatrbMxrKjdgnXQWgbqpGYr_WOY2kSWfN12CaxJMQq8Rl-coF73RW6pN67Ye_r7yfjdcpS-HTFSfVKoKmGB_ux6vj2T7U-JG5d_XeasLLZcU%3D
Racing de Estrasburgo,https://www.google.com/search?sca_esv=cd373399a9f9352a&cs=1&sxsrf=AE3TifN3x_cT9Z0vrXWH_1WoNmin2U2Kkg:1758865428727&q=Racing+Club+de+Estrasburgo&stick=H4sIAAAAAAAAAONgVuLUz9U3MMktsKh4xGjCLfDyxz1hKe1Ja05eY1Tl4grOyC93zSvJLKkUEudig7J4pbi5ELp4FrFKBSUmZ-alKzjnlCYppKQquBaXFCUWJ5UWpecDAA7-TgdhAAAA&ved=2ahUKEwjG1deo3PWPAxWHQjABHRBIHu4Qukt6BAgCEBU#sie=t;/m/04mp8x;2;/m/044hxl;bbbs;hd;;;;2026-01-25T12:00:00Z&wptab=si:AMgyJEsE-G7y0rTWzqlNG2GzIAm8kgSdMFRrzlF2sZ_XYkLUH_IhXM5xC2YnC-WhQS_PCIUFZRm1g8PnLvXExVYUGgTdclAQpRapSJvZ5l5B6sGoe3n5fgIPeCHgY6D5EywuaNheAmBjbyKpC1VTLtud9ETqnwee4EWe0decuDDxU_KtTMB7gpgZGdCkWW0aFApsKcbSuX3WRyIXFdiExlI34sU-CqG7fB75AzRTrVMJ-LDps41y3bI%3D,https://www.google.com/search?sca_esv=cd373399a9f9352a&cs=1&sxsrf=AE3TifN3x_cT9Z0vrXWH_1WoNmin2U2Kkg:1758865428727&q=Racing+Club+de+Estrasburgo&stick=H4sIAAAAAAAAAONgVuLUz9U3MMktsKh4xGjCLfDyxz1hKe1Ja05eY1Tl4grOyC93zSvJLKkUEudig7J4pbi5ELp4FrFKBSUmZ-alKzjnlCYppKQquBaXFCUWJ5UWpecDAA7-TgdhAAAA&ved=2ahUKEwjG1deo3PWPAxWHQjABHRBIHu4Qukt6BAgCEBU#sie=m;/g/11yfgnmzhk;2;/m/044hxl;dt;fp;1;;;&wptab=si:AMgyJEsE-G7y0rTWzqlNG2GzIAm8kgSdMFRrzlF2sZ_XYkLUH_IhXM5xC2YnC-WhQS_PCIUFZRm1g8PnLvXExVYUGgTdclAQpRapSJvZ5l5B6sGoe3n5fgIPeCHgY6D5EywuaNheAmBjbyKpC1VTLtud9ETqnwee4EWe0decuDDxU_KtTMB7gpgZGdCkWW0aFApsKcbSuX3WRyIXFdiExlI34sU-CqG7fB75AzRTrVMJ-LDps41y3bI%3D
Marsella,https://www.google.com/search?cs=1&sca_esv=cd373399a9f9352a&sxsrf=AE3TifPvHFSpxWg1woZOTQm01s73p2L3aA:1758865596511&q=Olympique+de+Marsella&stick=H4sIAAAAAAAAAONgVuLUz9U3MEqvLDZ6xGjCLfDyxz1hKe1Ja05eY1Tl4grOyC93zSvJLKkUEudig7J4pbi5ELp4FrGK-udU5hZkFpamKqSkKvgmFhWn5uQkAgBlO1LEXAAAAA&ved=2ahUKEwj_qdj43PWPAxVgQjABHS9bMhYQukt6BAgCEBY#sie=t;/m/02gys2;2;/m/044hxl;bbbs;hd;;;;2026-01-25T12:00:00Z&wptab=si:AMgyJEsE-G7y0rTWzqlNG2GzIAm8kgSdMFRrzlF2sZ_XYkLUH_IhXM5xC2YnC-WhQS_PCIUFZRm1g8PnLvXExVYUGgTdclAQpRapSJvZ5l5B6sGoe3n5fgIPeCHgY6D5EywuaNheAmBjbyKpC1VTLtud9ETqBaKherHnHsU3-GMbb4HgpAYnNeVr2_MYG89ZaOOlkbXh_cA9txv-JMkefdWdHfqg2U_f8ZbYIZ_KORpvdN0EtC7C9_4%3D,https://www.google.com/search?cs=1&sca_esv=cd373399a9f9352a&sxsrf=AE3TifPvHFSpxWg1woZOTQm01s73p2L3aA:1758865596511&q=Olympique+de+Marsella&stick=H4sIAAAAAAAAAONgVuLUz9U3MEqvLDZ6xGjCLfDyxz1hKe1Ja05eY1Tl4grOyC93zSvJLKkUEudig7J4pbi5ELp4FrGK-udU5hZkFpamKqSkKvgmFhWn5uQkAgBlO1LEXAAAAA&ved=2ahUKEwj_qdj43PWPAxVgQjABHS9bMhYQukt6BAgCEBY#sie=m;/g/11xmnpv4jr;2;/m/044hxl;dt;fp;1;;;&wptab=si:AMgyJEsE-G7y0rTWzqlNG2GzIAm8kgSdMFRrzlF2sZ_XYkLUH_IhXM5xC2YnC-WhQS_PCIUFZRm1g8PnLvXExVYUGgTdclAQpRapSJvZ5l5B6sGoe3n5fgIPeCHgY6D5EywuaNheAmBjbyKpC1VTLtud9ETqBaKherHnHsU3-GMbb4HgpAYnNeVr2_MYG89ZaOOlkbXh_cA9txv-JMkefdWdHfqg2U_f8ZbYIZ_KORpvdN0EtC7C9_4%3D
Rayo Vallecano,https://www.google.com/search?sca_esv=8ad6576b13f1899d&cs=1&sxsrf=AE3TifObQk3LKfFhMvO1uvxzb6Pz71HqxQ:1758932038809&q=Rayo+Vallecano+de+Madrid&stick=H4sIAAAAAAAAAONgVuLUz9U3MC5JMS17xGjCLfDyxz1hKe1Ja05eY1Tl4grOyC93zSvJLKkUEudig7J4pbi5ELp4FrFKBCVW5iuEJebkpCYn5uUrpKQq-CamFGWmAAC7jAPYXwAAAA&ved=2ahUKEwiEhey61PePAxV4TDABHW3wMukQukt6BAgCEBU#sie=t;/m/03td5v;2;/m/09gqx;bbbs;hd;;;;2026-01-18T12:00:00Z&wptab=si:AMgyJEsE-G7y0rTWzqlNG2GzIAm8kgSdMFRrzlF2sZ_XYkLUH_IhXM5xC2YnC-WhQS_PCIUFZRm1g8PnLvXExVYUGgTdclAQpRapSJvZ5l5B6sGoe3n5fgIPeCHgY6D5EywuaNheAmBjbyKpC1VTLtud9ETqnZk_DDrI3Y-OVcy3Z434BypRSv5Zi1TmHwEvT8KOLl1FWjZ4F78uYovfKH2eiM3HrJfjmM3AwABDKqQFzhWLPhuH44I%3D,https://www.google.com/search?sca_esv=8ad6576b13f1899d&cs=1&sxsrf=AE3TifObQk3LKfFhMvO1uvxzb6Pz71HqxQ:1758932038809&q=Rayo+Vallecano+de+Madrid&stick=H4sIAAAAAAAAAONgVuLUz9U3MC5JMS17xGjCLfDyxz1hKe1Ja05eY1Tl4grOyC93zSvJLKkUEudig7J4pbi5ELp4FrFKBCVW5iuEJebkpCYn5uUrpKQq-CamFGWmAAC7jAPYXwAAAA&ved=2ahUKEwiEhey61PePAxV4TDABHW3wMukQukt6BAgCEBU#sie=m;/g/11xl4pgksm;2;/m/09gqx;dt;fp;1;;;&wptab=si:AMgyJEsE-G7y0rTWzqlNG2GzIAm8kgSdMFRrzlF2sZ_XYkLUH_IhXM5xC2YnC-WhQS_PCIUFZRm1g8PnLvXExVYUGgTdclAQpRapSJvZ5l5B6sGoe3n5fgIPeCHgY6D5EywuaNheAmBjbyKpC1VTLtud9ETqnZk_DDrI3Y-OVcy3Z434BypRSv5Zi1TmHwEvT8KOLl1FWjZ4F78uYovfKH2eiM3HrJfjmM3AwABDKqQFzhWLPhuH44I%3D
Sevilla,https://www.google.com/search?sca_esv=8ad6576b13f1899d&cs=1&sxsrf=AE3TifMO0_JzHic-qJQbwde2gUJJSdj0XQ:1758932103372&q=Sevilla+F%C3%BAtbol+Club&stick=H4sIAAAAAAAAAONgVuLUz9U3MMy2TE5-xGjCLfDyxz1hKe1Ja05eY1Tl4grOyC93zSvJLKkUEudig7J4pbi5ELp4FrGKBKeWZebkJCq4Hd5VkpSfo-CcU5oEAOe0UCRbAAAA&ved=2ahUKEwiR9dDZ1PePAxXPTjABHekZHmYQukt6BAgCEBY#sie=t;/m/01k9cc;2;/m/09gqx;bbbs;hd;;;;2026-03-01T12:00:00Z&wptab=si:AMgyJEsE-G7y0rTWzqlNG2GzIAm8kgSdMFRrzlF2sZ_XYkLUH_IhXM5xC2YnC-WhQS_PCIUFZRm1g8PnLvXExVYUGgTdclAQpRapSJvZ5l5B6sGoe3n5fgIPeCHgY6D5EywuaNheAmBjbyKpC1VTLtud9ETqAlzvhWAH0nzpBpIKWyJDX_SkZB_SheGAaWyCD3F-K4c01jo7XbIeIYR85fRmL02IicrI51GdQ7oV6LzHYctV2jTwX7M%3D,https://www.google.com/search?sca_esv=8ad6576b13f1899d&cs=1&sxsrf=AE3TifMO0_JzHic-qJQbwde2gUJJSdj0XQ:1758932103372&q=Sevilla+F%C3%BAtbol+Club&stick=H4sIAAAAAAAAAONgVuLUz9U3MMy2TE5-xGjCLfDyxz1hKe1Ja05eY1Tl4grOyC93zSvJLKkUEudig7J4pbi5ELp4FrGKBKeWZebkJCq4Hd5VkpSfo-CcU5oEAOe0UCRbAAAA&ved=2ahUKEwiR9dDZ1PePAxXPTjABHekZHmYQukt6BAgCEBY#sie=m;/g/11xl4phmms;2;/m/09gqx;dt;fp;1;;;&wptab=si:AMgyJEsE-G7y0rTWzqlNG2GzIAm8kgSdMFRrzlF2sZ_XYkLUH_IhXM5xC2YnC-WhQS_PCIUFZRm1g8PnLvXExVYUGgTdclAQpRapSJvZ5l5B6sGoe3n5fgIPeCHgY6D5EywuaNheAmBjbyKpC1VTLtud9ETqAlzvhWAH0nzpBpIKWyJDX_SkZB_SheGAaWyCD3F-K4c01jo7XbIeIYR85fRmL02IicrI51GdQ7oV6LzHYctV2jTwX7M%3D
Elche C. F.,https://www.google.com/search?q=elche+club+de+f%C3%BAtbol&sca_esv=8ad6576b13f1899d&cs=1&sxsrf=AE3TifPXEvaftuXCl5S9fz_7wPR8ugcJJA%3A1758932105016&ei=iSzXaOBf8InBuQ_kyczJCQ&oq=elche&gs_lp=Egxnd3Mtd2l6LXNlcnAiBWVsY2hlKgIICjIVEC4YgAQYsQMYQxiDARhGGIoFGP0BMhAQLhiABBixAxhDGIMBGIoFMggQABiABBixAzIKEAAYgAQYQxiKBTIKEAAYgAQYFBiHAjILEAAYgAQYsQMYgwEyBRAAGIAEMgUQABiABDIFEAAYgAQyBRAAGIAEMiEQABiABBixAxhDGIMBGEYYigUY_QEYlwUYjAUY3QTYAQFIxCVQqAdY1AxwAngBkAEAmAHqAaABuwiqAQUwLjUuMbgBAcgBAPgBAZgCCKAC9AjCAgoQIxiABBgnGIoFwgIEECMYJ8ICChAuGIAEGEMYigXCAhAQABiABBixAxhDGIMBGIoFwgIHEAAYgAQYCsICChAAGIAEGLEDGArCAh8QLhiABBixAxhDGIMBGIoFGJcFGNwEGN4EGOAE2AEBwgIEEAAYA5gDALoGBggBEAEYFJIHBTIuNS4xoAfbRbIHBTAuNS4xuAfqCMIHBTItNy4xyAcu&sclient=gws-wiz-serp#sie=t;/m/06vv_6;2;/m/09gqx;bbbs;hd;;;;2026-03-01T12:00:00Z&wptab=si:AMgyJEsE-G7y0rTWzqlNG2GzIAm8kgSdMFRrzlF2sZ_XYkLUH_IhXM5xC2YnC-WhQS_PCIUFZRm1g8PnLvXExVYUGgTdclAQpRapSJvZ5l5B6sGoe3n5fgIPeCHgY6D5EywuaNheAmBjbyKpC1VTLtud9ETq_73JM4ngphHxx3gkzsCh2XS8r3mgV0rFZYWYyi2DOT1Iy9hOJ51OEXtCNwQJyON32aBlVzGXXYw3kHkCKWxEffYahwE%3D,https://www.google.com/search?q=elche+club+de+f%C3%BAtbol&sca_esv=8ad6576b13f1899d&cs=1&sxsrf=AE3TifPXEvaftuXCl5S9fz_7wPR8ugcJJA%3A1758932105016&ei=iSzXaOBf8InBuQ_kyczJCQ&oq=elche&gs_lp=Egxnd3Mtd2l6LXNlcnAiBWVsY2hlKgIICjIVEC4YgAQYsQMYQxiDARhGGIoFGP0BMhAQLhiABBixAxhDGIMBGIoFMggQABiABBixAzIKEAAYgAQYQxiKBTIKEAAYgAQYFBiHAjILEAAYgAQYsQMYgwEyBRAAGIAEMgUQABiABDIFEAAYgAQyBRAAGIAEMiEQABiABBixAxhDGIMBGEYYigUY_QEYlwUYjAUY3QTYAQFIxCVQqAdY1AxwAngBkAEAmAHqAaABuwiqAQUwLjUuMbgBAcgBAPgBAZgCCKAC9AjCAgoQIxiABBgnGIoFwgIEECMYJ8ICChAuGIAEGEMYigXCAhAQABiABBixAxhDGIMBGIoFwgIHEAAYgAQYCsICChAAGIAEGLEDGArCAh8QLhiABBixAxhDGIMBGIoFGJcFGNwEGN4EGOAE2AEBwgIEEAAYA5gDALoGBggBEAEYFJIHBTIuNS4xoAfbRbIHBTAuNS4xuAfqCMIHBTItNy4xyAcu&sclient=gws-wiz-serp#sie=m;/g/11mdw3yc33;2;/m/09gqx;dt;fp;1;;;&wptab=si:AMgyJEsE-G7y0rTWzqlNG2GzIAm8kgSdMFRrzlF2sZ_XYkLUH_IhXM5xC2YnC-WhQS_PCIUFZRm1g8PnLvXExVYUGgTdclAQpRapSJvZ5l5B6sGoe3n5fgIPeCHgY6D5EywuaNheAmBjbyKpC1VTLtud9ETq_73JM4ngphHxx3gkzsCh2XS8r3mgV0rFZYWYyi2DOT1Iy9hOJ51OEXtCNwQJyON32aBlVzGXXYw3kHkCKWxEffYahwE%3D
Celta de Vigo,https://www.google.com/search?q=celta+de+vigo&oq=celta+de+vigo&gs_lcrp=EgZjaHJvbWUqBwgAEAAYjwIyBwgAEAAYjwIyDwgBEC4YQxixAxiABBiKBTIMCAIQABhDGIAEGIoFMgwIAxAAGEMYgAQYigUyDAgEEAAYQxiABBiKBTIMCAUQABhDGIAEGIoFMgoIBhAAGLEDGIAEMgwIBxAAGEMYgAQYigUyDAgIEAAYFBiHAhiABDIMCAkQABhDGIAEGIoF0gEINTMyMGowajmoAgCwAgA&sourceid=chrome&ie=UTF-8#sie=t;/m/0266sb_;2;/m/09gqx;bbbs;hd;;;;2026-01-22T20:00:00Z&wptab=si:AMgyJEuP9uis0-KiFUfO7cYpIxL2HOLjnlQyhHznpg1qViYjfEKE_q49vrOrjimXg6LVhI7IOAzBwjLAIq4IyQFhHvvlbs94kgG9RvvH-XLkHEM75mTSKNDUBbFtTAkQmRmS8lXVfB_oatrbMxrKjdgnXQWgLWuMrfjqL3zB_VomRobRwoSYtW3LGMlu9JoZO00z6YL65w2Q_UNEHhNsyCE7FIVCW9Rf3g9sr1Rge2N_hjA7UmuvyDo%3D,https://www.google.com/search?q=celta+de+vigo&oq=celta+de+vigo&gs_lcrp=EgZjaHJvbWUqBwgAEAAYjwIyBwgAEAAYjwIyDwgBEC4YQxixAxiABBiKBTIMCAIQABhDGIAEGIoFMgwIAxAAGEMYgAQYigUyDAgEEAAYQxiABBiKBTIMCAUQABhDGIAEGIoFMgoIBhAAGLEDGIAEMgwIBxAAGEMYgAQYigUyDAgIEAAYFBiHAhiABDIMCAkQABhDGIAEGIoF0gEINTMyMGowajmoAgCwAgA&sourceid=chrome&ie=UTF-8#sie=m;/g/11yfnkkll4;2;/m/09gqx;dt;fp;1;;;&wptab=si:AMgyJEuP9uis0-KiFUfO7cYpIxL2HOLjnlQyhHznpg1qViYjfEKE_q49vrOrjimXg6LVhI7IOAzBwjLAIq4IyQFhHvvlbs94kgG9RvvH-XLkHEM75mTSKNDUBbFtTAkQmRmS8lXVfB_oatrbMxrKjdgnXQWgLWuMrfjqL3zB_VomRobRwoSYtW3LGMlu9JoZO00z6YL65w2Q_UNEHhNsyCE7FIVCW9Rf3g9sr1Rge2N_hjA7UmuvyDo%3D
Barcelona,https://www.google.com/search?gs_ssp=eJzj4tDP1TfIKEsvMWD04kxKLEpOzcnPSwQAR7MG8g&q=barcelona&oq=Barce&gs_lcrp=EgZjaHJvbWUqEggBEC4YQxiDARixAxiABBiKBTIGCAAQRRg5MhIIARAuGEMYgwEYsQMYgAQYigUyEggCEAAYQxiDARixAxiABBiKBTIMCAMQABhDGIAEGIoFMgwIBBAAGEMYgAQYigUyEggFEAAYQxiDARixAxiABBiKBTIMCAYQABhDGIAEGIoFMgwIBxAAGEMYgAQYigUyDAgIEAAYQxiABBiKBTIHCAkQABiPAtIBCDIyMjRqMGo5qAIAsAIA&sourceid=chrome&ie=UTF-8#sie=t;/m/0hvgt;2;/m/09gqx;bbbs;hd;;;;2026-01-18T12:00:00Z&wptab=si:AMgyJEv5NzpsheEOfFD5z3cvcsWUkn1YqeiLIVx31TJ5FrLm8U22OVpbeROe1aeUI1nUE6g7UP2C_OBxdJxtOsw_3ovXc94VSr9hB2S36N_fZ0tgEpSrm-gdcVTWhUI5X4WMqQgyOQKoim5FJhpe1TnUhkGZ2SvLtalrkYdrtHHgMZTl0F8mEMNR5T133i3AZJwzFsvydzeLv6PD4MCsYhOn0RD7vW-DTTDch-dFGX5YVvduwTVQnGI%3D,https://www.google.com/search?gs_ssp=eJzj4tDP1TfIKEsvMWD04kxKLEpOzcnPSwQAR7MG8g&q=barcelona&oq=Barce&gs_lcrp=EgZjaHJvbWUqEggBEC4YQxiDARixAxiABBiKBTIGCAAQRRg5MhIIARAuGEMYgwEYsQMYgAQYigUyEggCEAAYQxiDARixAxiABBiKBTIMCAMQABhDGIAEGIoFMgwIBBAAGEMYgAQYigUyEggFEAAYQxiDARixAxiABBiKBTIMCAYQABhDGIAEGIoFMgwIBxAAGEMYgAQYigUyDAgIEAAYQxiABBiKBTIHCAkQABiPAtIBCDIyMjRqMGo5qAIAsAIA&sourceid=chrome&ie=UTF-8#sie=m;/g/11yfns8yqz;2;/m/09gqx;dt;fp;1;;;&wptab=si:AMgyJEv5NzpsheEOfFD5z3cvcsWUkn1YqeiLIVx31TJ5FrLm8U22OVpbeROe1aeUI1nUE6g7UP2C_OBxdJxtOsw_3ovXc94VSr9hB2S36N_fZ0tgEpSrm-gdcVTWhUI5X4WMqQgyOQKoim5FJhpe1TnUhkGZ2SvLtalrkYdrtHHgMZTl0F8mEMNR5T133i3AZJwzFsvydzeLv6PD4MCsYhOn0RD7vW-DTTDch-dFGX5YVvduwTVQnGI%3D
Real Sociedad,https://www.google.com/search?q=real+sociedad&sca_esv=8ad6576b13f1899d&sxsrf=AE3TifOnCqRx6CxHjRLRuWfmgWDjBQU6Mg%3A1758934802329&ei=EjfXaI3kE6WFwbkPpr-Y8Qw&gs_ssp=eJzj4tTP1TcwNDIqTzZg9OItSk3MUSjOT85MTUlMAQBhiAgG&oq=rea&gs_lp=Egxnd3Mtd2l6LXNlcnAiA3JlYSoCCAQyChAjGIAEGCcYigUyChAuGIAEGCcYigUyChAAGIAEGEMYigUyEBAuGIAEGLEDGEMYgwEYigUyDRAuGIAEGLEDGEMYigUyChAAGIAEGEMYigUyBBAAGAMyDRAAGIAEGLEDGEMYigUyChAAGIAEGBQYhwIyDRAAGIAEGLEDGBQYhwIyHBAuGIAEGLEDGEMYigUYlwUY3AQY3gQY4ATYAQFIsxJQAFiGA3AAeACQAQCYAaQBoAHVA6oBAzAuM7gBAcgBAPgBAZgCBaACmxjCAgoQLhiABBhDGIoFwgIEECMYJ8ICBRAAGIAEwgIXEC4YgAQYigUYlwUY3AQY3gQY4ATYAQGYAwC6BgYIARABGBSSBwkwLjMuNi0xLjGgB9svsgcDMC4zuAfvA8IHBzAuMS4zLjHIBxk&sclient=gws-wiz-serp#sie=t;/m/0122wc;2;/m/09gqx;bbbs;hd;;;;2026-03-01T12:00:00Z&wptab=si:AMgyJEsE-G7y0rTWzqlNG2GzIAm8kgSdMFRrzlF2sZ_XYkLUH_IhXM5xC2YnC-WhQS_PCIUFZRm1g8PnLvXExVYUGgTdclAQpRapSJvZ5l5B6sGoe3n5fgIPeCHgY6D5EywuaNheAmBjbyKpC1VTLtud9ETqv7fAqLHah-d7nNYMlKWEwXYNAfPPSylBC5tpM3zTvo37BXCBI2cHhVoc0im5Uyes1orEcD26765HN9MihUwfU2YntnQ%3D,https://www.google.com/search?q=real+sociedad&sca_esv=8ad6576b13f1899d&sxsrf=AE3TifOnCqRx6CxHjRLRuWfmgWDjBQU6Mg%3A1758934802329&ei=EjfXaI3kE6WFwbkPpr-Y8Qw&gs_ssp=eJzj4tTP1TcwNDIqTzZg9OItSk3MUSjOT85MTUlMAQBhiAgG&oq=rea&gs_lp=Egxnd3Mtd2l6LXNlcnAiA3JlYSoCCAQyChAjGIAEGCcYigUyChAuGIAEGCcYigUyChAAGIAEGEMYigUyEBAuGIAEGLEDGEMYgwEYigUyDRAuGIAEGLEDGEMYigUyChAAGIAEGEMYigUyBBAAGAMyDRAAGIAEGLEDGEMYigUyChAAGIAEGBQYhwIyDRAAGIAEGLEDGBQYhwIyHBAuGIAEGLEDGEMYigUYlwUY3AQY3gQY4ATYAQFIsxJQAFiGA3AAeACQAQCYAaQBoAHVA6oBAzAuM7gBAcgBAPgBAZgCBaACmxjCAgoQLhiABBhDGIoFwgIEECMYJ8ICBRAAGIAEwgIXEC4YgAQYigUYlwUY3AQY3gQY4ATYAQGYAwC6BgYIARABGBSSBwkwLjMuNi0xLjGgB9svsgcDMC4zuAfvA8IHBzAuMS4zLjHIBxk&sclient=gws-wiz-serp#sie=m;/g/11xl4crp1d;2;/m/09gqx;dt;fp;1;;;&wptab=si:AMgyJEsE-G7y0rTWzqlNG2GzIAm8kgSdMFRrzlF2sZ_XYkLUH_IhXM5xC2YnC-WhQS_PCIUFZRm1g8PnLvXExVYUGgTdclAQpRapSJvZ5l5B6sGoe3n5fgIPeCHgY6D5EywuaNheAmBjbyKpC1VTLtud9ETqv7fAqLHah-d7nNYMlKWEwXYNAfPPSylBC5tpM3zTvo37BXCBI2cHhVoc0im5Uyes1orEcD26765HN9MihUwfU2YntnQ%3D
Betis,https://www.google.com/search?q=betis&sca_esv=8ad6576b13f1899d&sxsrf=AE3TifNIBkUVLrjTf_fqqTeJaVmxwrQYBA%3A1758931892765&ei=tCvXaOW7LvKbwbkP0tOuKQ&gs_ssp=eJzj4tTP1TcwTssrzDJg9GJNSi3JLAYAMewFiA&oq=beti&gs_lp=Egxnd3Mtd2l6LXNlcnAiBGJldGkqAggAMg0QLhiABBixAxhDGIoFMgoQABiABBhDGIoFMhAQABiABBixAxhDGIMBGIoFMgoQABiABBhDGIoFMgoQABiABBhDGIoFMgoQABiABBhDGIoFMggQABiABBixAzIKEAAYgAQYQxiKBTIEEAAYAzIKEAAYgAQYFBiHAjIcEC4YgAQYsQMYQxiKBRiXBRjcBBjeBBjgBNgBAUi0EFAAWNkIcAB4AZABAJgBwAGgAY4FqgEDMC40uAEByAEA-AEBmAIFoAL_CsICChAuGIAEGCcYigXCAgoQIxiABBgnGIoFwgIQEC4YgAQYsQMYQxiDARiKBcICChAuGIAEGEMYigXCAhcQLhiABBiKBRiXBRjcBBjeBBjgBNgBAcICEBAuGIAEGNEDGEMYxwEYigXCAhMQLhiABBixAxjRAxhDGMcBGIoFmAMA4gMFEgExIEC6BgYIARABGBSSBwcwLjQuNS0xoAfLPbIHAzAuNLgHpwXCBwUwLjEuNMgHEw&sclient=gws-wiz-serp#sie=t;/m/03fnqj;2;/m/09gqx;bbbs;hd;;;;2026-01-22T17:45:00Z&wptab=si:AMgyJEsE-G7y0rTWzqlNG2GzIAm8kgSdMFRrzlF2sZ_XYkLUH_IhXM5xC2YnC-WhQS_PCIUFZRm1g8PnLvXExVYUGgTdclAQpRapSJvZ5l5B6sGoe3n5fgIPeCHgY6D5EywuaNheAmBjbyKpC1VTLtud9ETqMGqiOaNTFqHHwj3wEnqG7ErYwEEmZmUXkSrB1rq9xjLQEwfECJgcuZAlIXriH3WBemttYQ%3D%3D,https://www.google.com/search?q=betis&sca_esv=8ad6576b13f1899d&sxsrf=AE3TifNIBkUVLrjTf_fqqTeJaVmxwrQYBA%3A1758931892765&ei=tCvXaOW7LvKbwbkP0tOuKQ&gs_ssp=eJzj4tTP1TcwTssrzDJg9GJNSi3JLAYAMewFiA&oq=beti&gs_lp=Egxnd3Mtd2l6LXNlcnAiBGJldGkqAggAMg0QLhiABBixAxhDGIoFMgoQABiABBhDGIoFMhAQABiABBixAxhDGIMBGIoFMgoQABiABBhDGIoFMgoQABiABBhDGIoFMgoQABiABBhDGIoFMggQABiABBixAzIKEAAYgAQYQxiKBTIEEAAYAzIKEAAYgAQYFBiHAjIcEC4YgAQYsQMYQxiKBRiXBRjcBBjeBBjgBNgBAUi0EFAAWNkIcAB4AZABAJgBwAGgAY4FqgEDMC40uAEByAEA-AEBmAIFoAL_CsICChAuGIAEGCcYigXCAgoQIxiABBgnGIoFwgIQEC4YgAQYsQMYQxiDARiKBcICChAuGIAEGEMYigXCAhcQLhiABBiKBRiXBRjcBBjeBBjgBNgBAcICEBAuGIAEGNEDGEMYxwEYigXCAhMQLhiABBixAxjRAxhDGMcBGIoFmAMA4gMFEgExIEC6BgYIARABGBSSBwcwLjQuNS0xoAfLPbIHAzAuNLgHpwXCBwUwLjEuNMgHEw&sclient=gws-wiz-serp#sie=m;/g/11yfns616n;2;/m/09gqx;dt;fp;1;;;&wptab=si:AMgyJEsE-G7y0rTWzqlNG2GzIAm8kgSdMFRrzlF2sZ_XYkLUH_IhXM5xC2YnC-WhQS_PCIUFZRm1g8PnLvXExVYUGgTdclAQpRapSJvZ5l5B6sGoe3n5fgIPeCHgY6D5EywuaNheAmBjbyKpC1VTLtud9ETqMGqiOaNTFqHHwj3wEnqG7ErYwEEmZmUXkSrB1rq9xjLQEwfECJgcuZAlIXriH3WBemttYQ%3D%3D
Osasuna,https://www.google.com/search?gs_ssp=eJzj4tTP1TcwLkk2LTBg9GLPL04sLs1LBAA8OwY6&q=osasuna&oq=oSA&gs_lcrp=EgZjaHJvbWUqDwgBEC4YQxixAxiABBiKBTIMCAAQRRg5GLEDGIAEMg8IARAuGEMYsQMYgAQYigUyEggCEAAYQxiDARixAxiABBiKBTIMCAMQABhDGIAEGIoFMgoIBBAuGLEDGIAEMgYIBRAAGAMyCggGEAAYsQMYgAQyCggHEAAYsQMYgAQyBwgIEAAYjwLSAQg2MTk5ajBqOagCALACAA&sourceid=chrome&ie=UTF-8#sie=t;/m/03tc5p;2;/m/09gqx;bbbs;hd;;;;2026-03-01T12:00:00Z&wptab=si:AMgyJEsE-G7y0rTWzqlNG2GzIAm8kgSdMFRrzlF2sZ_XYkLUH_IhXM5xC2YnC-WhQS_PCIUFZRm1g8PnLvXExVYUGgTdclAQpRapSJvZ5l5B6sGoe3n5fgIPeCHgY6D5EywuaNheAmBjbyKpC1VTLtud9ETqhjh0Onjs2GnIOCqT4DmEZgD2anRenZFdH66BUdGrxkcSVkI5zUH5pxeCb6B_M6J42zA12H9YR324AVtb0J7X-HECIKI%3D,https://www.google.com/search?gs_ssp=eJzj4tTP1TcwLkk2LTBg9GLPL04sLs1LBAA8OwY6&q=osasuna&oq=oSA&gs_lcrp=EgZjaHJvbWUqDwgBEC4YQxixAxiABBiKBTIMCAAQRRg5GLEDGIAEMg8IARAuGEMYsQMYgAQYigUyEggCEAAYQxiDARixAxiABBiKBTIMCAMQABhDGIAEGIoFMgoIBBAuGLEDGIAEMgYIBRAAGAMyCggGEAAYsQMYgAQyCggHEAAYsQMYgAQyBwgIEAAYjwLSAQg2MTk5ajBqOagCALACAA&sourceid=chrome&ie=UTF-8#sie=m;/g/11mdw3yc33;2;/m/09gqx;dt;fp;1;;;&wptab=si:AMgyJEsE-G7y0rTWzqlNG2GzIAm8kgSdMFRrzlF2sZ_XYkLUH_IhXM5xC2YnC-WhQS_PCIUFZRm1g8PnLvXExVYUGgTdclAQpRapSJvZ5l5B6sGoe3n5fgIPeCHgY6D5EywuaNheAmBjbyKpC1VTLtud9ETqhjh0Onjs2GnIOCqT4DmEZgD2anRenZFdH66BUdGrxkcSVkI5zUH5pxeCb6B_M6J42zA12H9YR324AVtb0J7X-HECIKI%3D
Valencia C. F.,https://www.google.com/search?q=valencia+fc&oq=valencia+fc&gs_lcrp=EgZjaHJvbWUqBwgAEAAYjwIyBwgAEAAYjwIyDAgBEC4YQxiABBiKBTIHCAIQLhiABDIHCAMQABiABDIHCAQQABiABDIHCAUQABiABDIJCAYQABgKGIAEMgkIBxAAGAoYgAQyCQgIEAAYChiABDIJCAkQABgKGIAE0gEJMTM2NTBqMGo5qAIAsAIA&sourceid=chrome&ie=UTF-8#sie=t;/m/080_y;2;/m/09gqx;bbbs;hd;;;;2026-03-01T12:00:00Z&wptab=si:AMgyJEv5NzpsheEOfFD5z3cvcsWUkn1YqeiLIVx31TJ5FrLm8U22OVpbeROe1aeUI1nUE6g7UP2C_OBxdJxtOsw_3ovXc94VSr9hB2S36N_fZ0tgEpSrm-gdcVTWhUI5X4WMqQgyOQKoim5FJhpe1TnUhkGZXi52oIKh8UjENsXeudwh7LmJWDGvxeeYCI9F2EDiocdcUZ0nc4xnOREPzuM3ClXImnOek_ifVsq_laslMXcBps-IIkk%3D,https://www.google.com/search?q=valencia+fc&oq=valencia+fc&gs_lcrp=EgZjaHJvbWUqBwgAEAAYjwIyBwgAEAAYjwIyDAgBEC4YQxiABBiKBTIHCAIQLhiABDIHCAMQABiABDIHCAQQABiABDIHCAUQABiABDIJCAYQABgKGIAEMgkIBxAAGAoYgAQyCQgIEAAYChiABDIJCAkQABgKGIAE0gEJMTM2NTBqMGo5qAIAsAIA&sourceid=chrome&ie=UTF-8#sie=m;/g/11xl4pfvkb;2;/m/09gqx;dt;fp;1;;;&wptab=si:AMgyJEv5NzpsheEOfFD5z3cvcsWUkn1YqeiLIVx31TJ5FrLm8U22OVpbeROe1aeUI1nUE6g7UP2C_OBxdJxtOsw_3ovXc94VSr9hB2S36N_fZ0tgEpSrm-gdcVTWhUI5X4WMqQgyOQKoim5FJhpe1TnUhkGZXi52oIKh8UjENsXeudwh7LmJWDGvxeeYCI9F2EDiocdcUZ0nc4xnOREPzuM3ClXImnOek_ifVsq_laslMXcBps-IIkk%3D
Real Oviedo,https://www.google.com/search?gs_ssp=eJzj4tDP1TfILs-rMGD04i5KTcxRyC_LTE3JBwBWuQem&q=real+oviedo&oq=Real+ovi&gs_lcrp=EgZjaHJvbWUqCggBEC4YsQMYgAQyBggAEEUYOTIKCAEQLhixAxiABDIGCAIQABgDMggIAxAAGAMYCjIGCAQQABgDMhAIBRAAGIMBGLEDGIAEGIoFMhAIBhAAGIMBGLEDGIAEGIoFMgYIBxAAGAMyBwgIEAAYjwIyBwgJEAAYjwLSAQgyMzU4ajBqOagCALACAA&sourceid=chrome&ie=UTF-8#sie=t;/m/0kwnx;2;/m/09gqx;bbbs;hd;;;;2026-03-01T12:00:00Z&wptab=si:AMgyJEv5NzpsheEOfFD5z3cvcsWUkn1YqeiLIVx31TJ5FrLm8U22OVpbeROe1aeUI1nUE6g7UP2C_OBxdJxtOsw_3ovXc94VSr9hB2S36N_fZ0tgEpSrm-gdcVTWhUI5X4WMqQgyOQKoim5FJhpe1TnUhkGZu6Czxzvpdi4GPqVzFk7Rxnebglj20V2AbuuQTpvaE1tVYkIdB6lCy461BM_iyuONQtVXrNXJrjej-k0yWSO4Gi04QVs%3D,https://www.google.com/search?gs_ssp=eJzj4tDP1TfILs-rMGD04i5KTcxRyC_LTE3JBwBWuQem&q=real+oviedo&oq=Real+ovi&gs_lcrp=EgZjaHJvbWUqCggBEC4YsQMYgAQyBggAEEUYOTIKCAEQLhixAxiABDIGCAIQABgDMggIAxAAGAMYCjIGCAQQABgDMhAIBRAAGIMBGLEDGIAEGIoFMhAIBhAAGIMBGLEDGIAEGIoFMgYIBxAAGAMyBwgIEAAYjwIyBwgJEAAYjwLSAQgyMzU4ajBqOagCALACAA&sourceid=chrome&ie=UTF-8#sie=m;/g/11yfns8yqz;2;/m/09gqx;dt;fp;1;;;&wptab=si:AMgyJEv5NzpsheEOfFD5z3cvcsWUkn1YqeiLIVx31TJ5FrLm8U22OVpbeROe1aeUI1nUE6g7UP2C_OBxdJxtOsw_3ovXc94VSr9hB2S36N_fZ0tgEpSrm-gdcVTWhUI5X4WMqQgyOQKoim5FJhpe1TnUhkGZu6Czxzvpdi4GPqVzFk7Rxnebglj20V2AbuuQTpvaE1tVYkIdB6lCy461BM_iyuONQtVXrNXJrjej-k0yWSO4Gi04QVs%3D
Brentford,https://www.google.com/search?gs_ssp=eJzj4tTP1TcwSjKoNDZg9OJMKkrNK0nLL0oBAEXDBsk&q=brentford&oq=Brentf&gs_lcrp=EgZjaHJvbWUqEggAEC4YQxiDARixAxiABBiKBTISCAAQLhhDGIMBGLEDGIAEGIoFMgYIARBFGDkyEggCEAAYQxiDARixAxiABBiKBTISCAMQABhDGIMBGLEDGIAEGIoFMg0IBBAAGIMBGLEDGIAEMgwIBRAAGEMYgAQYigUyDAgGEAAYQxiABBiKBTIMCAcQABgUGIcCGIAEMgYICBAAGAMyBwgJEAAYgATSAQgyMTAyajBqOagCBrACAfEF7bjChpi2QJY&sourceid=chrome&ie=UTF-8#sie=t;/m/02b0y3;2;/m/02_tc;bbbs;hd;;;;2026-02-07T15:00:00Z&wptab=si:AMgyJEsE-G7y0rTWzqlNG2GzIAm8kgSdMFRrzlF2sZ_XYkLUH_IhXM5xC2YnC-WhQS_PCIUFZRm1g8PnLvXExVYUGgTdclAQpRapSJvZ5l5B6sGoe3n5fgIPeCHgY6D5EywuaNheAmBjbyKpC1VTLtud9ETq1LE6KVQhjmgjvoeXqxCq2E9BOv8xEoMuDqm9AlciFUi2Kf2YSsp6EdoqI_jftq4k0JdOUtyexC5rIpLFvz5XL5_CMpg%3D,https://www.google.com/search?gs_ssp=eJzj4tTP1TcwSjKoNDZg9OJMKkrNK0nLL0oBAEXDBsk&q=brentford&oq=Brentf&gs_lcrp=EgZjaHJvbWUqEggAEC4YQxiDARixAxiABBiKBTISCAAQLhhDGIMBGLEDGIAEGIoFMgYIARBFGDkyEggCEAAYQxiDARixAxiABBiKBTISCAMQABhDGIMBGLEDGIAEGIoFMg0IBBAAGIMBGLEDGIAEMgwIBRAAGEMYgAQYigUyDAgGEAAYQxiABBiKBTIMCAcQABgUGIcCGIAEMgYICBAAGAMyBwgJEAAYgATSAQgyMTAyajBqOagCBrACAfEF7bjChpi2QJY&sourceid=chrome&ie=UTF-8#sie=m;/g/11yf4n0qpn;2;/m/02_tc;dt;fp;1;;;&wptab=si:AMgyJEsE-G7y0rTWzqlNG2GzIAm8kgSdMFRrzlF2sZ_XYkLUH_IhXM5xC2YnC-WhQS_PCIUFZRm1g8PnLvXExVYUGgTdclAQpRapSJvZ5l5B6sGoe3n5fgIPeCHgY6D5EywuaNheAmBjbyKpC1VTLtud9ETq1LE6KVQhjmgjvoeXqxCq2E9BOv8xEoMuDqm9AlciFUi2Kf2YSsp6EdoqI_jftq4k0JdOUtyexC5rIpLFvz5XL5_CMpg%3D
Manchester United,https://www.google.com/search?gs_ssp=eJzj4tDP1TcwNUjLMGD0EsxNzEvOSC0uSS1SKM3LLElNAQCBiQmg&q=manchester+united&oq=manchester&gs_lcrp=EgZjaHJvbWUqDwgCEC4YQxixAxiABBiKBTIGCAAQRRg5Mg8IARAuGEMYsQMYgAQYigUyDwgCEC4YQxixAxiABBiKBTIMCAMQLhgnGIAEGIoFMgwIBBAjGCcYgAQYigUyDAgFEAAYQxiABBiKBTIPCAYQABhDGLEDGIAEGIoFMgwIBxAAGEMYgAQYigUyDAgIEAAYQxiABBiKBTIHCAkQABiPAtIBCDQ0NzZqMGo5qAIAsAIA&sourceid=chrome&ie=UTF-8#sie=t;/m/050fh;2;/m/02_tc;bbbs;hd;;;;2026-02-07T15:00:00Z&wptab=si:AMgyJEv5NzpsheEOfFD5z3cvcsWUkn1YqeiLIVx31TJ5FrLm8U22OVpbeROe1aeUI1nUE6g7UP2C_OBxdJxtOsw_3ovXc94VSr9hB2S36N_fZ0tgEpSrm-gdcVTWhUI5X4WMqQgyOQKoim5FJhpe1TnUhkGZzi7Tr2kNASnhjNc_ldKG5t5U1Q5bwrXmtTymOeWICE5ARWBOOBlGM9ihnCuzBwjQ5MO2gSUVMLkgn8zEBS50zh2Oaag%3D,https://www.google.com/search?gs_ssp=eJzj4tDP1TcwNUjLMGD0EsxNzEvOSC0uSS1SKM3LLElNAQCBiQmg&q=manchester+united&oq=manchester&gs_lcrp=EgZjaHJvbWUqDwgCEC4YQxixAxiABBiKBTIGCAAQRRg5Mg8IARAuGEMYsQMYgAQYigUyDwgCEC4YQxixAxiABBiKBTIMCAMQLhgnGIAEGIoFMgwIBBAjGCcYgAQYigUyDAgFEAAYQxiABBiKBTIPCAYQABhDGLEDGIAEGIoFMgwIBxAAGEMYgAQYigUyDAgIEAAYQxiABBiKBTIHCAkQABiPAtIBCDQ0NzZqMGo5qAIAsAIA&sourceid=chrome&ie=UTF-8#sie=m;/g/11xmc2t3tp;2;/m/02_tc;dt;fp;1;;;&wptab=si:AMgyJEv5NzpsheEOfFD5z3cvcsWUkn1YqeiLIVx31TJ5FrLm8U22OVpbeROe1aeUI1nUE6g7UP2C_OBxdJxtOsw_3ovXc94VSr9hB2S36N_fZ0tgEpSrm-gdcVTWhUI5X4WMqQgyOQKoim5FJhpe1TnUhkGZzi7Tr2kNASnhjNc_ldKG5t5U1Q5bwrXmtTymOeWICE5ARWBOOBlGM9ihnCuzBwjQ5MO2gSUVMLkgn8zEBS50zh2Oaag%3D
Leeds,https://www.google.com/search?q=leeds+united&sca_esv=bbf5afcc60017a66&sxsrf=AE3TifNepE9i3eLISV2h69EVccFyETgqyw%3A1758937424162&ei=UEHXaIfUCZ2xkvQP_t3-6Aw&gs_ssp=eJzj4tLP1TcwrMgzrzA0YPTiyUlNTSlWKM3LLElNAQBm7whE&oq=Leeds&gs_lp=Egxnd3Mtd2l6LXNlcnAiBUxlZWRzKgIIADINEC4YgAQYsQMYQxiKBTIKEAAYgAQYQxiKBTINEAAYgAQYsQMYQxiKBTIKEAAYgAQYQxiKBTIKEAAYgAQYQxiKBTIKEAAYgAQYQxiKBTIKEAAYgAQYQxiKBTIKEAAYgAQYFBiHAjIEEAAYAzIKEAAYgAQYQxiKBTIcEC4YgAQYsQMYQxiKBRiXBRjcBBjeBBjgBNgBAUiKGFC7CFiqEXACeAGQAQCYAakBoAGVB6oBAzAuNrgBAcgBAPgBAZgCCKACugfCAgoQIxiABBgnGIoFwgIFEAAYgATCAgoQLhiABBhDGIoFwgIQEC4YgAQYsQMYQxiDARiKBcICCxAuGIAEGLEDGIMBwgILEC4YgAQYsQMYigXCAggQABiABBixA8ICBRAuGIAEmAMAugYGCAEQARgUkgcDMi42oAfAXbIHAzAuNrgHtAfCBwUwLjMuNcgHHA&sclient=gws-wiz-serp#sie=t;/m/01xn7x1;2;/m/02_tc;bbbs;hd;;;;2026-02-07T15:00:00Z&wptab=si:AMgyJEuP9uis0-KiFUfO7cYpIxL2HOLjnlQyhHznpg1qViYjfEKE_q49vrOrjimXg6LVhI7IOAzBwjLAIq4IyQFhHvvlbs94kgG9RvvH-XLkHEM75mTSKNDUBbFtTAkQmRmS8lXVfB_oatrbMxrKjdgnXQWgoC8h8NhOT268pLdkqs0u5ojqWZW1HfO3jWrZKz5QJ8YqjH233xdLLoGzXORqqRrvCbXc-GKRvk6OPSj5C87og7ua6a7ZTANKUZvQkOoUkmEYEaCVcdtEG9nBjQutY7EgCHMDKw%3D%3D,https://www.google.com/search?q=leeds+united&sca_esv=bbf5afcc60017a66&sxsrf=AE3TifNepE9i3eLISV2h69EVccFyETgqyw%3A1758937424162&ei=UEHXaIfUCZ2xkvQP_t3-6Aw&gs_ssp=eJzj4tLP1TcwrMgzrzA0YPTiyUlNTSlWKM3LLElNAQBm7whE&oq=Leeds&gs_lp=Egxnd3Mtd2l6LXNlcnAiBUxlZWRzKgIIADINEC4YgAQYsQMYQxiKBTIKEAAYgAQYQxiKBTINEAAYgAQYsQMYQxiKBTIKEAAYgAQYQxiKBTIKEAAYgAQYQxiKBTIKEAAYgAQYQxiKBTIKEAAYgAQYQxiKBTIKEAAYgAQYFBiHAjIEEAAYAzIKEAAYgAQYQxiKBTIcEC4YgAQYsQMYQxiKBRiXBRjcBBjeBBjgBNgBAUiKGFC7CFiqEXACeAGQAQCYAakBoAGVB6oBAzAuNrgBAcgBAPgBAZgCCKACugfCAgoQIxiABBgnGIoFwgIFEAAYgATCAgoQLhiABBhDGIoFwgIQEC4YgAQYsQMYQxiDARiKBcICCxAuGIAEGLEDGIMBwgILEC4YgAQYsQMYigXCAggQABiABBixA8ICBRAuGIAEmAMAugYGCAEQARgUkgcDMi42oAfAXbIHAzAuNrgHtAfCBwUwLjMuNcgHHA&sclient=gws-wiz-serp#sie=m;/g/11xmc2hv0b;2;/m/02_tc;dt;fp;1;;;&wptab=si:AMgyJEuP9uis0-KiFUfO7cYpIxL2HOLjnlQyhHznpg1qViYjfEKE_q49vrOrjimXg6LVhI7IOAzBwjLAIq4IyQFhHvvlbs94kgG9RvvH-XLkHEM75mTSKNDUBbFtTAkQmRmS8lXVfB_oatrbMxrKjdgnXQWgoC8h8NhOT268pLdkqs0u5ojqWZW1HfO3jWrZKz5QJ8YqjH233xdLLoGzXORqqRrvCbXc-GKRvk6OPSj5C87og7ua6a7ZTANKUZvQkOoUkmEYEaCVcdtEG9nBjQutY7EgCHMDKw%3D%3D
Bournemouth,https://www.google.com/search?gs_ssp=eJzj4tTP1TcwSjKoKDRg9OJOyi8tykvNzS8tyQAAWQsH-g&q=bournemouth&oq=Bour&gs_lcrp=EgZjaHJvbWUqDAgBEC4YQxiABBiKBTIPCAAQABhDGOMCGIAEGIoFMgwIARAuGEMYgAQYigUyDAgCEAAYQxiABBiKBTIMCAMQABhDGIAEGIoFMgwIBBAAGEMYgAQYigUyDAgFEAAYQxiABBiKBTIMCAYQABhDGIAEGIoFMgwIBxAAGEMYgAQYigUyDAgIEAAYQxiABBiKBTIMCAkQABhDGIAEGIoF0gEIMjExMGowajmoAgCwAgA&sourceid=chrome&ie=UTF-8#sie=t;/m/02b0xq;2;/m/02_tc;bbbs;hd;;;;2026-02-07T15:00:00Z&wptab=si:AMgyJEsE-G7y0rTWzqlNG2GzIAm8kgSdMFRrzlF2sZ_XYkLUH_IhXM5xC2YnC-WhQS_PCIUFZRm1g8PnLvXExVYUGgTdclAQpRapSJvZ5l5B6sGoe3n5fgIPeCHgY6D5EywuaNheAmBjbyKpC1VTLtud9ETqGEL3JmjEUHFHrXijiE1ftlmygD0s1TumkECmj7h4lYjhrvCVh7Qeb7cx9Uq4V_-pE35BMzgNuZ84LviiKziVfRZiuX0%3D,https://www.google.com/search?gs_ssp=eJzj4tTP1TcwSjKoKDRg9OJOyi8tykvNzS8tyQAAWQsH-g&q=bournemouth&oq=Bour&gs_lcrp=EgZjaHJvbWUqDAgBEC4YQxiABBiKBTIPCAAQABhDGOMCGIAEGIoFMgwIARAuGEMYgAQYigUyDAgCEAAYQxiABBiKBTIMCAMQABhDGIAEGIoFMgwIBBAAGEMYgAQYigUyDAgFEAAYQxiABBiKBTIMCAYQABhDGIAEGIoFMgwIBxAAGEMYgAQYigUyDAgIEAAYQxiABBiKBTIMCAkQABhDGIAEGIoF0gEIMjExMGowajmoAgCwAgA&sourceid=chrome&ie=UTF-8#sie=m;/g/11yf4mztns;2;/m/02_tc;dt;fp;1;;;&wptab=si:AMgyJEsE-G7y0rTWzqlNG2GzIAm8kgSdMFRrzlF2sZ_XYkLUH_IhXM5xC2YnC-WhQS_PCIUFZRm1g8PnLvXExVYUGgTdclAQpRapSJvZ5l5B6sGoe3n5fgIPeCHgY6D5EywuaNheAmBjbyKpC1VTLtud9ETqGEL3JmjEUHFHrXijiE1ftlmygD0s1TumkECmj7h4lYjhrvCVh7Qeb7cx9Uq4V_-pE35BMzgNuZ84LviiKziVfRZiuX0%3D
Chelsea,https://www.google.com/search?q=chelsea&oq=chelsea&gs_lcrp=EgZjaHJvbWUqBwgAEAAYjwIyBwgAEAAYjwIyCggBEC4YsQMYgAQyDAgCEAAYFBiHAhiABDIQCAMQABiDARixAxiABBiKBTIKCAQQABixAxiABDIGCAUQABgDMgcIBhAAGIAEMgcIBxAAGIAEMgoICBAAGLEDGIAEMgcICRAAGI8C0gEIMTQ1M2owajSoAgCwAgA&sourceid=chrome&ie=UTF-8#sie=t;/m/023fb;2;/m/02_tc;bbbs;hd;;;;2026-01-03T15:00:00Z&wptab=si:AMgyJEv5NzpsheEOfFD5z3cvcsWUkn1YqeiLIVx31TJ5FrLm8U22OVpbeROe1aeUI1nUE6g7UP2C_OBxdJxtOsw_3ovXc94VSr9hB2S36N_fZ0tgEpSrm-gdcVTWhUI5X4WMqQgyOQKoim5FJhpe1TnUhkGZ5D-FYEp2o77knrEqd0pVpY6ILk_0ZL8Gdg729Zd2fQXPv1ejCQgMNGOHdyAV6nDzzaOMt70uVlaJRAMUe4nTWLF9ZQw%3D,https://www.google.com/search?q=chelsea&oq=chelsea&gs_lcrp=EgZjaHJvbWUqBwgAEAAYjwIyBwgAEAAYjwIyCggBEC4YsQMYgAQyDAgCEAAYFBiHAhiABDIQCAMQABiDARixAxiABBiKBTIKCAQQABixAxiABDIGCAUQABgDMgcIBhAAGIAEMgcIBxAAGIAEMgoICBAAGLEDGIAEMgcICRAAGI8C0gEIMTQ1M2owajSoAgCwAgA&sourceid=chrome&ie=UTF-8#sie=m;/g/11xmc2t3tp;2;/m/02_tc;dt;fp;1;;;&wptab=si:AMgyJEv5NzpsheEOfFD5z3cvcsWUkn1YqeiLIVx31TJ5FrLm8U22OVpbeROe1aeUI1nUE6g7UP2C_OBxdJxtOsw_3ovXc94VSr9hB2S36N_fZ0tgEpSrm-gdcVTWhUI5X4WMqQgyOQKoim5FJhpe1TnUhkGZ5D-FYEp2o77knrEqd0pVpY6ILk_0ZL8Gdg729Zd2fQXPv1ejCQgMNGOHdyAV6nDzzaOMt70uVlaJRAMUe4nTWLF9ZQw%3D
Manchester City,https://www.google.com/search?gs_ssp=eJzj4tTP1TcwNDM2qTBg9OLPTcxLzkgtLkktUkjOLKkEAHGTCOI&q=manchester+city&oq=manc&gs_lcrp=EgZjaHJvbWUqDAgCEC4YJxiABBiKBTIGCAAQRRg5Mg8IARAuGEMYsQMYgAQYigUyDAgCEC4YJxiABBiKBTIMCAMQIxgnGIAEGIoFMhIIBBAuGEMYgwEYsQMYgAQYigUyEggFEAAYQxiDARixAxiABBiKBTIMCAYQABhDGIAEGIoFMgYIBxBFGD3SAQgyMDc4ajBqN6gCALACAA&sourceid=chrome&ie=UTF-8#sie=t;/m/01634x;2;/m/02_tc;bbbs;hd;;;;2026-01-03T15:00:00Z&wptab=si:AMgyJEsE-G7y0rTWzqlNG2GzIAm8kgSdMFRrzlF2sZ_XYkLUH_IhXM5xC2YnC-WhQS_PCIUFZRm1g8PnLvXExVYUGgTdclAQpRapSJvZ5l5B6sGoe3n5fgIPeCHgY6D5EywuaNheAmBjbyKpC1VTLtud9ETqtjWt5wOZd0ifZmRgjytmSD1p9f3QHIDZt4GLsICmAbGFZ8wJXV8bHPEGmStAM4xPxlDZHZxVd5144LMF7qtvLRPoWd8%3D,https://www.google.com/search?gs_ssp=eJzj4tTP1TcwNDM2qTBg9OLPTcxLzkgtLkktUkjOLKkEAHGTCOI&q=manchester+city&oq=manc&gs_lcrp=EgZjaHJvbWUqDAgCEC4YJxiABBiKBTIGCAAQRRg5Mg8IARAuGEMYsQMYgAQYigUyDAgCEC4YJxiABBiKBTIMCAMQIxgnGIAEGIoFMhIIBBAuGEMYgwEYsQMYgAQYigUyEggFEAAYQxiDARixAxiABBiKBTIMCAYQABhDGIAEGIoFMgYIBxBFGD3SAQgyMDc4ajBqN6gCALACAA&sourceid=chrome&ie=UTF-8#sie=m;/g/11yf4fd4_g;2;/m/02_tc;dt;fp;1;;;&wptab=si:AMgyJEsE-G7y0rTWzqlNG2GzIAm8kgSdMFRrzlF2sZ_XYkLUH_IhXM5xC2YnC-WhQS_PCIUFZRm1g8PnLvXExVYUGgTdclAQpRapSJvZ5l5B6sGoe3n5fgIPeCHgY6D5EywuaNheAmBjbyKpC1VTLtud9ETqtjWt5wOZd0ifZmRgjytmSD1p9f3QHIDZt4GLsICmAbGFZ8wJXV8bHPEGmStAM4xPxlDZHZxVd5144LMF7qtvLRPoWd8%3D
Burnley,https://www.google.com/search?q=burnley&sca_esv=bbf5afcc60017a66&sxsrf=AE3TifOFwdhVH6kPeFidPDv-nJT4QhqAFA%3A1758939196322&ei=PEjXaNmyE--ZwbkP266zoQ0&ved=0ahUKEwjZwOmP7_ePAxXvTDABHVvXLNQQ4dUDCBA&uact=5&oq=burnley&gs_lp=Egxnd3Mtd2l6LXNlcnAiB2J1cm5sZXkyChAjGIAEGCcYigUyDRAuGIAEGLEDGBQYhwIyCBAAGIAEGLEDMgUQABiABDILEAAYgAQYsQMYgwEyBRAuGIAEMgUQABiABDIFEAAYgAQyCBAAGIAEGMsBMgUQLhiABEiMBlCqBFiqBHABeACQAQCYAZgBoAGYAaoBAzAuMbgBA8gBAPgBAZgCAqACowHCAg0QABiABBiwAxhDGIoFmAMAiAYBkAYKkgcDMS4xoAfLC7IHAzAuMbgHnQHCBwMyLTLIBwg&sclient=gws-wiz-serp#sie=t;/m/0212mp;2;/m/02_tc;bbbs;hd;;;;2026-02-07T15:00:00Z&wptab=si:AMgyJEsE-G7y0rTWzqlNG2GzIAm8kgSdMFRrzlF2sZ_XYkLUH_IhXM5xC2YnC-WhQS_PCIUFZRm1g8PnLvXExVYUGgTdclAQpRapSJvZ5l5B6sGoe3n5fgIPeCHgY6D5EywuaNheAmBjbyKpC1VTLtud9ETqKuprCb9ybG4B83Rq1LredtTKrerULveLpw_da0UfOlhW7aMtApqco_VVDjzI69DIs786kEeDZXW0dixmwXT9_X4Cq9A%3D,https://www.google.com/search?q=burnley&sca_esv=bbf5afcc60017a66&sxsrf=AE3TifOFwdhVH6kPeFidPDv-nJT4QhqAFA%3A1758939196322&ei=PEjXaNmyE--ZwbkP266zoQ0&ved=0ahUKEwjZwOmP7_ePAxXvTDABHVvXLNQQ4dUDCBA&uact=5&oq=burnley&gs_lp=Egxnd3Mtd2l6LXNlcnAiB2J1cm5sZXkyChAjGIAEGCcYigUyDRAuGIAEGLEDGBQYhwIyCBAAGIAEGLEDMgUQABiABDILEAAYgAQYsQMYgwEyBRAuGIAEMgUQABiABDIFEAAYgAQyCBAAGIAEGMsBMgUQLhiABEiMBlCqBFiqBHABeACQAQCYAZgBoAGYAaoBAzAuMbgBA8gBAPgBAZgCAqACowHCAg0QABiABBiwAxhDGIoFmAMAiAYBkAYKkgcDMS4xoAfLC7IHAzAuMbgHnQHCBwMyLTLIBwg&sclient=gws-wiz-serp#sie=m;/g/11xhbp39f7;2;/m/02_tc;dt;fp;1;;;&wptab=si:AMgyJEsE-G7y0rTWzqlNG2GzIAm8kgSdMFRrzlF2sZ_XYkLUH_IhXM5xC2YnC-WhQS_PCIUFZRm1g8PnLvXExVYUGgTdclAQpRapSJvZ5l5B6sGoe3n5fgIPeCHgY6D5EywuaNheAmBjbyKpC1VTLtud9ETqKuprCb9ybG4B83Rq1LredtTKrerULveLpw_da0UfOlhW7aMtApqco_VVDjzI69DIs786kEeDZXW0dixmwXT9_X4Cq9A%3D
Crystal Palace,https://www.google.com/search?gs_ssp=eJzj4tTP1TcwMjJOyjFg9OJLLqosLknMUShIzElMTgUAa2YIhQ&q=crystal+palace&oq=crys&gs_lcrp=EgZjaHJvbWUqDwgBEC4YQxixAxiABBiKBTIGCAAQRRg5Mg8IARAuGEMYsQMYgAQYigUyCggCEAAYsQMYgAQyDAgDEAAYQxiABBiKBTIMCAQQABhDGIAEGIoFMgwIBRAAGEMYgAQYigUyCggGEAAYsQMYgAQyDwgHEAAYQxixAxiABBiKBTIMCAgQABgUGIcCGIAEMgcICRAAGI8C0gEIMTkyNmowajmoAgCwAgA&sourceid=chrome&ie=UTF-8#sie=t;/m/0223bl;2;/m/02_tc;bbbs;hd;;;;2025-12-30T20:00:00Z&wptab=si:AMgyJEsE-G7y0rTWzqlNG2GzIAm8kgSdMFRrzlF2sZ_XYkLUH_IhXM5xC2YnC-WhQS_PCIUFZRm1g8PnLvXExVYUGgTdclAQpRapSJvZ5l5B6sGoe3n5fgIPeCHgY6D5EywuaNheAmBjbyKpC1VTLtud9ETqL39PCLbH6XwdZuwRJHJIvzAd0oKXdkoqlz0AWQrd9WnQOry1qR4vmhuCknebtAKQV3jI1W7HIkpMw34EizByRS7te5A%3D,https://www.google.com/search?gs_ssp=eJzj4tTP1TcwMjJOyjFg9OJLLqosLknMUShIzElMTgUAa2YIhQ&q=crystal+palace&oq=crys&gs_lcrp=EgZjaHJvbWUqDwgBEC4YQxixAxiABBiKBTIGCAAQRRg5Mg8IARAuGEMYsQMYgAQYigUyCggCEAAYsQMYgAQyDAgDEAAYQxiABBiKBTIMCAQQABhDGIAEGIoFMgwIBRAAGEMYgAQYigUyCggGEAAYsQMYgAQyDwgHEAAYQxixAxiABBiKBTIMCAgQABgUGIcCGIAEMgcICRAAGI8C0gEIMTkyNmowajmoAgCwAgA&sourceid=chrome&ie=UTF-8#sie=m;/g/11xhbqr3b4;2;/m/02_tc;dt;fp;1;;;&wptab=si:AMgyJEsE-G7y0rTWzqlNG2GzIAm8kgSdMFRrzlF2sZ_XYkLUH_IhXM5xC2YnC-WhQS_PCIUFZRm1g8PnLvXExVYUGgTdclAQpRapSJvZ5l5B6sGoe3n5fgIPeCHgY6D5EywuaNheAmBjbyKpC1VTLtud9ETqL39PCLbH6XwdZuwRJHJIvzAd0oKXdkoqlz0AWQrd9WnQOry1qR4vmhuCknebtAKQV3jI1W7HIkpMw34EizByRS7te5A%3D
Liverpool,https://www.google.com/search?gs_ssp=eJzj4tDP1TcwySlJM2D04szJLEstKsjPzwEARL4G6A&q=liverpool&oq=liverpool&gs_lcrp=EgZjaHJvbWUqDwgBEC4YQxixAxiABBiKBTIHCAAQABiPAjIPCAEQLhhDGLEDGIAEGIoFMhIIAhAAGEMYgwEYsQMYgAQYigUyDwgDEAAYQxixAxiABBiKBTISCAQQABhDGIMBGLEDGIAEGIoFMgwIBRAAGEMYgAQYigUyDwgGEAAYQxixAxiABBiKBTIMCAcQABhDGIAEGIoFMgwICBAAGEMYgAQYigUyDAgJEAAYQxiABBiKBdIBCDUyOTZqMGo5qAIAsAIA&sourceid=chrome&ie=UTF-8#sie=t;/m/04ltf;2;/m/02_tc;bbbs;hd;;;;2026-01-03T15:00:00Z&wptab=si:AMgyJEv5NzpsheEOfFD5z3cvcsWUkn1YqeiLIVx31TJ5FrLm8U22OVpbeROe1aeUI1nUE6g7UP2C_OBxdJxtOsw_3ovXc94VSr9hB2S36N_fZ0tgEpSrm-gdcVTWhUI5X4WMqQgyOQKoim5FJhpe1TnUhkGZq6OL3-dl-Q9tGSJco0YxqjD1MyqLFCrT1QeC_wOfH_WssS_6SCXL-uEp_1XjCxy989XG7ZTIyWFGXsMt6Veq5KAZz1M%3D,https://www.google.com/search?gs_ssp=eJzj4tDP1TcwySlJM2D04szJLEstKsjPzwEARL4G6A&q=liverpool&oq=liverpool&gs_lcrp=EgZjaHJvbWUqDwgBEC4YQxixAxiABBiKBTIHCAAQABiPAjIPCAEQLhhDGLEDGIAEGIoFMhIIAhAAGEMYgwEYsQMYgAQYigUyDwgDEAAYQxixAxiABBiKBTISCAQQABhDGIMBGLEDGIAEGIoFMgwIBRAAGEMYgAQYigUyDwgGEAAYQxixAxiABBiKBTIMCAcQABhDGIAEGIoFMgwICBAAGEMYgAQYigUyDAgJEAAYQxiABBiKBdIBCDUyOTZqMGo5qAIAsAIA&sourceid=chrome&ie=UTF-8#sie=m;/g/11yf4mrnnx;2;/m/02_tc;dt;fp;1;;;&wptab=si:AMgyJEv5NzpsheEOfFD5z3cvcsWUkn1YqeiLIVx31TJ5FrLm8U22OVpbeROe1aeUI1nUE6g7UP2C_OBxdJxtOsw_3ovXc94VSr9hB2S36N_fZ0tgEpSrm-gdcVTWhUI5X4WMqQgyOQKoim5FJhpe1TnUhkGZq6OL3-dl-Q9tGSJco0YxqjD1MyqLFCrT1QeC_wOfH_WssS_6SCXL-uEp_1XjCxy989XG7ZTIyWFGXsMt6Veq5KAZz1M%3D
Nottingham Forest,https://www.google.com/search?gs_ssp=eJzj4tTP1TcwNMmrKjBg9BLMyy8pycxLz0jMVUjLL0otLgEAkRsKRA&q=nottingham+forest&oq=Nothinha&gs_lcrp=EgZjaHJvbWUqDAgCEC4YChixAxiABDIGCAAQRRg5MgkIARAuGAoYgAQyDAgCEC4YChixAxiABDIPCAMQABgKGIMBGLEDGIAEMgwIBBAuGAoYsQMYgAQyCAgFEAAYAxgKMgkIBhAuGAoYgAQyCQgHEAAYChiABDIJCAgQABgKGIAE0gEINTA4OWowajmoAgCwAgA&sourceid=chrome&ie=UTF-8#sie=t;/m/014nzp;2;/m/02_tc;bbbs;hd;;;;2026-01-03T15:00:00Z&wptab=si:AMgyJEsE-G7y0rTWzqlNG2GzIAm8kgSdMFRrzlF2sZ_XYkLUH_IhXM5xC2YnC-WhQS_PCIUFZRm1g8PnLvXExVYUGgTdclAQpRapSJvZ5l5B6sGoe3n5fgIPeCHgY6D5EywuaNheAmBjbyKpC1VTLtud9ETqfJgq-7rMsa0S0T2b3ZWnNXNvjjcjdqNgkyuDQBwZny5laE9_PwDFF9ECz0sYg6a2d-ujj8RqRCnfVHDewacH9-UNCjI%3D,https://www.google.com/search?gs_ssp=eJzj4tTP1TcwNMmrKjBg9BLMyy8pycxLz0jMVUjLL0otLgEAkRsKRA&q=nottingham+forest&oq=Nothinha&gs_lcrp=EgZjaHJvbWUqDAgCEC4YChixAxiABDIGCAAQRRg5MgkIARAuGAoYgAQyDAgCEC4YChixAxiABDIPCAMQABgKGIMBGLEDGIAEMgwIBBAuGAoYsQMYgAQyCAgFEAAYAxgKMgkIBhAuGAoYgAQyCQgHEAAYChiABDIJCAgQABgKGIAE0gEINTA4OWowajmoAgCwAgA&sourceid=chrome&ie=UTF-8#sie=m;/g/11xhbp39f7;2;/m/02_tc;dt;fp;1;;;&wptab=si:AMgyJEsE-G7y0rTWzqlNG2GzIAm8kgSdMFRrzlF2sZ_XYkLUH_IhXM5xC2YnC-WhQS_PCIUFZRm1g8PnLvXExVYUGgTdclAQpRapSJvZ5l5B6sGoe3n5fgIPeCHgY6D5EywuaNheAmBjbyKpC1VTLtud9ETqfJgq-7rMsa0S0T2b3ZWnNXNvjjcjdqNgkyuDQBwZny5laE9_PwDFF9ECz0sYg6a2d-ujj8RqRCnfVHDewacH9-UNCjI%3D
Sunderland AFC,https://www.google.com/search?gs_ssp=eJzj4tTP1TcwtDRLKjBg9OIqLs1LSS3KScxLAQBNDQc2&q=sunderland&oq=sunder&gs_lcrp=EgZjaHJvbWUqDwgBEC4YQxixAxiABBiKBTIGCAAQRRg5Mg8IARAuGEMYsQMYgAQYigUyDwgCEAAYQxixAxiABBiKBTIMCAMQABhDGIAEGIoFMgwIBBAuGEMYgAQYigUyDAgFEAAYQxiABBiKBTIMCAYQABhDGIAEGIoFMgwIBxAAGEMYgAQYigUyBwgIEAAYgAQyBwgJEAAYjwLSAQgyNDg5ajBqN6gCALACAA&sourceid=chrome&ie=UTF-8#sie=t;/m/0196bp;2;/m/02_tc;bbbs;hd;;;;2026-02-07T15:00:00Z&wptab=si:AMgyJEsE-G7y0rTWzqlNG2GzIAm8kgSdMFRrzlF2sZ_XYkLUH_IhXM5xC2YnC-WhQS_PCIUFZRm1g8PnLvXExVYUGgTdclAQpRapSJvZ5l5B6sGoe3n5fgIPeCHgY6D5EywuaNheAmBjbyKpC1VTLtud9ETqOtWTuhr1zF7kHWuTA2TG-hIafH-D5Co1G8uVamga_B67d0e-9qp00dOl_YKpiNLsBZAqoH9L2LIewRX_AciLKBVf7mo%3D,https://www.google.com/search?gs_ssp=eJzj4tTP1TcwtDRLKjBg9OIqLs1LSS3KScxLAQBNDQc2&q=sunderland&oq=sunder&gs_lcrp=EgZjaHJvbWUqDwgBEC4YQxixAxiABBiKBTIGCAAQRRg5Mg8IARAuGEMYsQMYgAQYigUyDwgCEAAYQxixAxiABBiKBTIMCAMQABhDGIAEGIoFMgwIBBAuGEMYgAQYigUyDAgFEAAYQxiABBiKBTIMCAYQABhDGIAEGIoFMgwIBxAAGEMYgAQYigUyBwgIEAAYgAQyBwgJEAAYjwLSAQgyNDg5ajBqN6gCALACAA&sourceid=chrome&ie=UTF-8#sie=m;/g/11xknqyvh6;2;/m/02_tc;dt;fp;1;;;&wptab=si:AMgyJEsE-G7y0rTWzqlNG2GzIAm8kgSdMFRrzlF2sZ_XYkLUH_IhXM5xC2YnC-WhQS_PCIUFZRm1g8PnLvXExVYUGgTdclAQpRapSJvZ5l5B6sGoe3n5fgIPeCHgY6D5EywuaNheAmBjbyKpC1VTLtud9ETqOtWTuhr1zF7kHWuTA2TG-hIafH-D5Co1G8uVamga_B67d0e-9qp00dOl_YKpiNLsBZAqoH9L2LIewRX_AciLKBVf7mo%3D
